Workbook
Name chart.option: Matrix!$E$2

Sheet Stream Graph
D23: Depicted | G23: Speech Bubbles | J23: Thought Bubbles | M23: Narrative Statements
B28: Data from: https://github.com/Z3tt/TidyTuesday/tree/master/plots/2020_27

Sheet Matrix
B1: Data Matrix
C2: Selection | E2: 3 | L2: Offset | M2: =MROUND(MAX(C11:L225),5) -> 155 | O2: Smoothing size | P2: 8
L3: Min rand | M3: -10 | O3: Top | P3: =ROUNDUP(P2/2,0) -> 4
L4: Max rand | M4: 20
Z6: Label Location | AA6: =MROUND(MAX(Z11:Z211),5)+30 -> 205
O7: Smoothed Data
P8: Costume | Q8: Non-Costume | R8: Costume | S8: Non-Costume | T8: Costume | U8: Non-Costume | V8: Costume | W8: Non-Costume | X8: Costume | Y8: Non-Costume
C9: Costume | D9: Non-Costume | E9: Costume | F9: Non-Costume | G9: Costume | H9: Non-Costume | I9: Costume | J9: Non-Costume | K9: Costume | L9: Non-Costume | O9: 11 | P9: 7 | Q9: 8 | R9: 5 | S9: 6 | T9: 1 | U9: 2 | V9: 3 | W9: 4 | X9: 9 | Y9: 10
B10: Issue | C10: Gambit | D10: =C10 -> Gambit | E10: Magneto | F10: =E10 -> Magneto | G10: Nightcrawler | H10: =G10 -> Nightcrawler | I10: Storm | J10: =I10 -> Storm | K10: Wolverine | L10: =K10 -> Wolverine | M10: Rand | O10: {=INDEX($C$10:$M$10,O$9)} -> Rand | P10: {=INDEX($C$10:$M$10,P$9)&" ("&LEFT(P8,1)&")"} -> Storm (C) | Q10: {=INDEX($C$10:$M$10,Q$9)&" ("&LEFT(Q8,1)&")"} -> Storm (N) | R10: {=INDEX($C$10:$M$10,R$9)&" ("&LEFT(R8,1)&")"} -> Nightcrawler (C) | S10: {=INDEX($C$10:$M$10,S$9)&" ("&LEFT(S8,1)&")"} -> Nightcrawler (N) | T10: {=INDEX($C$10:$M$10,T$9)&" ("&LEFT(T8,1)&")"} -> Gambit (C) | U10: {=INDEX($C$10:$M$10,U$9)&" ("&LEFT(U8,1)&")"} -> Gambit (N) | V10: {=INDEX($C$10:$M$10,V$9)&" ("&LEFT(V8,1)&")"} -> Magneto (C) | W10: {=INDEX($C$10:$M$10,W$9)&" ("&LEFT(W8,1)&")"} -> Magneto (N) | ... Y10: {=INDEX($C$10:$M$10,Y$9)&" ("&LEFT(Y8,1)&")"} -> Wolverine (N) | Z10: Top line | AA10: Label Line | AB10: Labels | AC10: Error bar | AE10: Labels | AI10: Options
B11: 83 | C11: =SUMIFS(INDEX(xmen[[speech]:[depicted]],,$E$2),xmen[issue],Matrix!$B11,xmen[x],Matrix!C$10,xmen[costume],C$9) -> 0 | D11: =SUMIFS(INDEX(xmen[[speech]:[depicted]],,$E$2),xmen[issue],Matrix!$B11,xmen[x],Matrix!D$10,xmen[costume],D$9) -> 0 | E11: =SUMIFS(INDEX(xmen[[speech]:[depicted]],,$E$2),xmen[issue],Matrix!$B11,xmen[x],Matrix!E$10,xmen[costume],E$9) -> 0 | F11: =SUMIFS(INDEX(xmen[[speech]:[depicted]],,$E$2),xmen[issue],Matrix!$B11,xmen[x],Matrix!F$10,xmen[costume],F$9) -> 0 | G11: =SUMIFS(INDEX(xmen[[speech]:[depicted]],,$E$2),xmen[issue],Matrix!$B11,xmen[x],Matrix!G$10,xmen[costume],G$9) -> 0 | H11: =SUMIFS(INDEX(xmen[[speech]:[depicted]],,$E$2),xmen[issue],Matrix!$B11,xmen[x],Matrix!H$10,xmen[costume],H$9) -> 0 | I11: =SUMIFS(INDEX(xmen[[speech]:[depicted]],,$E$2),xmen[issue],Matrix!$B11,xmen[x],Matrix!I$10,xmen[costume],I$9) -> 0 | J11: =SUMIFS(INDEX(xmen[[speech]:[depicted]],,$E$2),xmen[issue],Matrix!$B11,xmen[x],Matrix!J$10,xmen[costume],J$9) -> 0 | ... L11: =SUMIFS(INDEX(xmen[[speech]:[depicted]],,$E$2),xmen[issue],Matrix!$B11,xmen[x],Matrix!L$10,xmen[costume],L$9) -> 0 | M11: =$M$2-SUM(C11:L11)/2+RANDBETWEEN($M$3,$M$4) -> 168 | O11: =AVERAGE(OFFSET(INDEX($C11:$M11,O$9),-$P$3,,$P$2,1)) -> 162 | P11: =AVERAGE(OFFSET(INDEX($C11:$M11,P$9),-$P$3,,$P$2,1)) -> 0 | Q11: =AVERAGE(OFFSET(INDEX($C11:$M11,Q$9),-$P$3,,$P$2,1)) -> 0 | R11: =AVERAGE(OFFSET(INDEX($C11:$M11,R$9),-$P$3,,$P$2,1)) -> 0 | S11: =AVERAGE(OFFSET(INDEX($C11:$M11,S$9),-$P$3,,$P$2,1)) -> 0 | T11: =AVERAGE(OFFSET(INDEX($C11:$M11,T$9),-$P$3,,$P$2,1)) -> 0 | U11: =AVERAGE(OFFSET(INDEX($C11:$M11,U$9),-$P$3,,$P$2,1)) -> 0 | V11: =AVERAGE(OFFSET(INDEX($C11:$M11,V$9),-$P$3,,$P$2,1)) -> 0 | ... Y11: =AVERAGE(OFFSET(INDEX($C11:$M11,Y$9),-$P$3,,$P$2,1)) -> 0 | Z11: =SUM(O11:Y11) -> 162 | AA11: =IF(COUNTIFS($AE$11:$AE$18,B11),$AA$6,NA()) -> #N/A | AB11: =IF(ISNA(AA11),"","Issue"&CHAR(10)&"#"&B11) | AC11: =IF(ISNA(AA11),0,Z11-O11) -> 0 | AE11: 97 | AI11: speech
B12: 85 | C12: =SUMIFS(INDEX(xmen[[speech]:[depicted]],,$E$2),xmen[issue],Matrix!$B12,xmen[x],Matrix!C$10,xmen[costume],C$9) -> 0 | D12: =SUMIFS(INDEX(xmen[[speech]:[depicted]],,$E$2),xmen[issue],Matrix!$B12,xmen[x],Matrix!D$10,xmen[costume],D$9) -> 0 | E12: =SUMIFS(INDEX(xmen[[speech]:[depicted]],,$E$2),xmen[issue],Matrix!$B12,xmen[x],Matrix!E$10,xmen[costume],E$9) -> 0 | F12: =SUMIFS(INDEX(xmen[[speech]:[depicted]],,$E$2),xmen[issue],Matrix!$B12,xmen[x],Matrix!F$10,xmen[costume],F$9) -> 0 | G12: =SUMIFS(INDEX(xmen[[speech]:[depicted]],,$E$2),xmen[issue],Matrix!$B12,xmen[x],Matrix!G$10,xmen[costume],G$9) -> 0 | H12: =SUMIFS(INDEX(xmen[[speech]:[depicted]],,$E$2),xmen[issue],Matrix!$B12,xmen[x],Matrix!H$10,xmen[costume],H$9) -> 0 | I12: =SUMIFS(INDEX(xmen[[speech]:[depicted]],,$E$2),xmen[issue],Matrix!$B12,xmen[x],Matrix!I$10,xmen[costume],I$9) -> 0 | J12: =SUMIFS(INDEX(xmen[[speech]:[depicted]],,$E$2),xmen[issue],Matrix!$B12,xmen[x],Matrix!J$10,xmen[costume],J$9) -> 0 | ... L12: =SUMIFS(INDEX(xmen[[speech]:[depicted]],,$E$2),xmen[issue],Matrix!$B12,xmen[x],Matrix!L$10,xmen[costume],L$9) -> 0 | M12: =$M$2-SUM(C12:L12)/2+RANDBETWEEN($M$3,$M$4) -> 161 | O12: =AVERAGE(OFFSET(INDEX($C12:$M12,O$9),-$P$3,,$P$2,1)) -> 164 | P12: =AVERAGE(OFFSET(INDEX($C12:$M12,P$9),-$P$3,,$P$2,1)) -> 0 | Q12: =AVERAGE(OFFSET(INDEX($C12:$M12,Q$9),-$P$3,,$P$2,1)) -> 0 | R12: =AVERAGE(OFFSET(INDEX($C12:$M12,R$9),-$P$3,,$P$2,1)) -> 0 | S12: =AVERAGE(OFFSET(INDEX($C12:$M12,S$9),-$P$3,,$P$2,1)) -> 0 | T12: =AVERAGE(OFFSET(INDEX($C12:$M12,T$9),-$P$3,,$P$2,1)) -> 0 | U12: =AVERAGE(OFFSET(INDEX($C12:$M12,U$9),-$P$3,,$P$2,1)) -> 0 | V12: =AVERAGE(OFFSET(INDEX($C12:$M12,V$9),-$P$3,,$P$2,1)) -> 0 | ... Y12: =AVERAGE(OFFSET(INDEX($C12:$M12,Y$9),-$P$3,,$P$2,1)) -> 0 | Z12: =SUM(O12:Y12) -> 164 | AA12: =IF(COUNTIFS($AE$11:$AE$18,B12),$AA$6,NA()) -> #N/A | AB12: =IF(ISNA(AA12),"","Issue"&CHAR(10)&"#"&B12) | AC12: =IF(ISNA(AA12),0,Z12-O12) -> 0 | AE12: 125 | AI12: thought
B13: 87 | C13: =SUMIFS(INDEX(xmen[[speech]:[depicted]],,$E$2),xmen[issue],Matrix!$B13,xmen[x],Matrix!C$10,xmen[costume],C$9) -> 0 | D13: =SUMIFS(INDEX(xmen[[speech]:[depicted]],,$E$2),xmen[issue],Matrix!$B13,xmen[x],Matrix!D$10,xmen[costume],D$9) -> 0 | E13: =SUMIFS(INDEX(xmen[[speech]:[depicted]],,$E$2),xmen[issue],Matrix!$B13,xmen[x],Matrix!E$10,xmen[costume],E$9) -> 0 | F13: =SUMIFS(INDEX(xmen[[speech]:[depicted]],,$E$2),xmen[issue],Matrix!$B13,xmen[x],Matrix!F$10,xmen[costume],F$9) -> 0 | G13: =SUMIFS(INDEX(xmen[[speech]:[depicted]],,$E$2),xmen[issue],Matrix!$B13,xmen[x],Matrix!G$10,xmen[costume],G$9) -> 0 | H13: =SUMIFS(INDEX(xmen[[speech]:[depicted]],,$E$2),xmen[issue],Matrix!$B13,xmen[x],Matrix!H$10,xmen[costume],H$9) -> 0 | I13: =SUMIFS(INDEX(xmen[[speech]:[depicted]],,$E$2),xmen[issue],Matrix!$B13,xmen[x],Matrix!I$10,xmen[costume],I$9) -> 0 | J13: =SUMIFS(INDEX(xmen[[speech]:[depicted]],,$E$2),xmen[issue],Matrix!$B13,xmen[x],Matrix!J$10,xmen[costume],J$9) -> 0 | ... L13: =SUMIFS(INDEX(xmen[[speech]:[depicted]],,$E$2),xmen[issue],Matrix!$B13,xmen[x],Matrix!L$10,xmen[costume],L$9) -> 0 | M13: =$M$2-SUM(C13:L13)/2+RANDBETWEEN($M$3,$M$4) -> 173 | O13: =AVERAGE(OFFSET(INDEX($C13:$M13,O$9),-$P$3,,$P$2,1)) -> 165.83333 | P13: =AVERAGE(OFFSET(INDEX($C13:$M13,P$9),-$P$3,,$P$2,1)) -> 0 | Q13: =AVERAGE(OFFSET(INDEX($C13:$M13,Q$9),-$P$3,,$P$2,1)) -> 0 | R13: =AVERAGE(OFFSET(INDEX($C13:$M13,R$9),-$P$3,,$P$2,1)) -> 0 | S13: =AVERAGE(OFFSET(INDEX($C13:$M13,S$9),-$P$3,,$P$2,1)) -> 0 | T13: =AVERAGE(OFFSET(INDEX($C13:$M13,T$9),-$P$3,,$P$2,1)) -> 0 | U13: =AVERAGE(OFFSET(INDEX($C13:$M13,U$9),-$P$3,,$P$2,1)) -> 0 | V13: =AVERAGE(OFFSET(INDEX($C13:$M13,V$9),-$P$3,,$P$2,1)) -> 0 | ... Y13: =AVERAGE(OFFSET(INDEX($C13:$M13,Y$9),-$P$3,,$P$2,1)) -> 0 | Z13: =SUM(O13:Y13) -> 165.83333 | AA13: =IF(COUNTIFS($AE$11:$AE$18,B13),$AA$6,NA()) -> #N/A | AB13: =IF(ISNA(AA13),"","Issue"&CHAR(10)&"#"&B13) | AC13: =IF(ISNA(AA13),0,Z13-O13) -> 0 | AE13: 150 | AI13: narrative
B14: 89 | C14: =SUMIFS(INDEX(xmen[[speech]:[depicted]],,$E$2),xmen[issue],Matrix!$B14,xmen[x],Matrix!C$10,xmen[costume],C$9) -> 0 | D14: =SUMIFS(INDEX(xmen[[speech]:[depicted]],,$E$2),xmen[issue],Matrix!$B14,xmen[x],Matrix!D$10,xmen[costume],D$9) -> 0 | E14: =SUMIFS(INDEX(xmen[[speech]:[depicted]],,$E$2),xmen[issue],Matrix!$B14,xmen[x],Matrix!E$10,xmen[costume],E$9) -> 0 | F14: =SUMIFS(INDEX(xmen[[speech]:[depicted]],,$E$2),xmen[issue],Matrix!$B14,xmen[x],Matrix!F$10,xmen[costume],F$9) -> 0 | G14: =SUMIFS(INDEX(xmen[[speech]:[depicted]],,$E$2),xmen[issue],Matrix!$B14,xmen[x],Matrix!G$10,xmen[costume],G$9) -> 0 | H14: =SUMIFS(INDEX(xmen[[speech]:[depicted]],,$E$2),xmen[issue],Matrix!$B14,xmen[x],Matrix!H$10,xmen[costume],H$9) -> 0 | I14: =SUMIFS(INDEX(xmen[[speech]:[depicted]],,$E$2),xmen[issue],Matrix!$B14,xmen[x],Matrix!I$10,xmen[costume],I$9) -> 0 | J14: =SUMIFS(INDEX(xmen[[speech]:[depicted]],,$E$2),xmen[issue],Matrix!$B14,xmen[x],Matrix!J$10,xmen[costume],J$9) -> 0 | ... L14: =SUMIFS(INDEX(xmen[[speech]:[depicted]],,$E$2),xmen[issue],Matrix!$B14,xmen[x],Matrix!L$10,xmen[costume],L$9) -> 0 | M14: =$M$2-SUM(C14:L14)/2+RANDBETWEEN($M$3,$M$4) -> 146 | O14: =AVERAGE(OFFSET(INDEX($C14:$M14,O$9),-$P$3,,$P$2,1)) -> 163.57143 | P14: =AVERAGE(OFFSET(INDEX($C14:$M14,P$9),-$P$3,,$P$2,1)) -> 0 | Q14: =AVERAGE(OFFSET(INDEX($C14:$M14,Q$9),-$P$3,,$P$2,1)) -> 0 | R14: =AVERAGE(OFFSET(INDEX($C14:$M14,R$9),-$P$3,,$P$2,1)) -> 0 | S14: =AVERAGE(OFFSET(INDEX($C14:$M14,S$9),-$P$3,,$P$2,1)) -> 0 | T14: =AVERAGE(OFFSET(INDEX($C14:$M14,T$9),-$P$3,,$P$2,1)) -> 0 | U14: =AVERAGE(OFFSET(INDEX($C14:$M14,U$9),-$P$3,,$P$2,1)) -> 0 | V14: =AVERAGE(OFFSET(INDEX($C14:$M14,V$9),-$P$3,,$P$2,1)) -> 0 | ... Y14: =AVERAGE(OFFSET(INDEX($C14:$M14,Y$9),-$P$3,,$P$2,1)) -> 0 | Z14: =SUM(O14:Y14) -> 163.57143 | AA14: =IF(COUNTIFS($AE$11:$AE$18,B14),$AA$6,NA()) -> #N/A | AB14: =IF(ISNA(AA14),"","Issue"&CHAR(10)&"#"&B14) | AC14: =IF(ISNA(AA14),0,Z14-O14) -> 0 | AE14: 175 | AI14: depicted
B15: 91 | C15: =SUMIFS(INDEX(xmen[[speech]:[depicted]],,$E$2),xmen[issue],Matrix!$B15,xmen[x],Matrix!C$10,xmen[costume],C$9) -> 0 | D15: =SUMIFS(INDEX(xmen[[speech]:[depicted]],,$E$2),xmen[issue],Matrix!$B15,xmen[x],Matrix!D$10,xmen[costume],D$9) -> 0 | E15: =SUMIFS(INDEX(xmen[[speech]:[depicted]],,$E$2),xmen[issue],Matrix!$B15,xmen[x],Matrix!E$10,xmen[costume],E$9) -> 0 | F15: =SUMIFS(INDEX(xmen[[speech]:[depicted]],,$E$2),xmen[issue],Matrix!$B15,xmen[x],Matrix!F$10,xmen[costume],F$9) -> 0 | G15: =SUMIFS(INDEX(xmen[[speech]:[depicted]],,$E$2),xmen[issue],Matrix!$B15,xmen[x],Matrix!G$10,xmen[costume],G$9) -> 0 | H15: =SUMIFS(INDEX(xmen[[speech]:[depicted]],,$E$2),xmen[issue],Matrix!$B15,xmen[x],Matrix!H$10,xmen[costume],H$9) -> 0 | I15: =SUMIFS(INDEX(xmen[[speech]:[depicted]],,$E$2),xmen[issue],Matrix!$B15,xmen[x],Matrix!I$10,xmen[costume],I$9) -> 0 | J15: =SUMIFS(INDEX(xmen[[speech]:[depicted]],,$E$2),xmen[issue],Matrix!$B15,xmen[x],Matrix!J$10,xmen[costume],J$9) -> 0 | ... L15: =SUMIFS(INDEX(xmen[[speech]:[depicted]],,$E$2),xmen[issue],Matrix!$B15,xmen[x],Matrix!L$10,xmen[costume],L$9) -> 0 | M15: =$M$2-SUM(C15:L15)/2+RANDBETWEEN($M$3,$M$4) -> 172 | O15: =AVERAGE(OFFSET(INDEX($C15:$M15,O$9),-$P$3,,$P$2,1)) -> 161.75 | P15: =AVERAGE(OFFSET(INDEX($C15:$M15,P$9),-$P$3,,$P$2,1)) -> 0 | Q15: =AVERAGE(OFFSET(INDEX($C15:$M15,Q$9),-$P$3,,$P$2,1)) -> 0 | R15: =AVERAGE(OFFSET(INDEX($C15:$M15,R$9),-$P$3,,$P$2,1)) -> 0 | S15: =AVERAGE(OFFSET(INDEX($C15:$M15,S$9),-$P$3,,$P$2,1)) -> 0 | T15: =AVERAGE(OFFSET(INDEX($C15:$M15,T$9),-$P$3,,$P$2,1)) -> 0 | U15: =AVERAGE(OFFSET(INDEX($C15:$M15,U$9),-$P$3,,$P$2,1)) -> 0 | V15: =AVERAGE(OFFSET(INDEX($C15:$M15,V$9),-$P$3,,$P$2,1)) -> 0 | ... Y15: =AVERAGE(OFFSET(INDEX($C15:$M15,Y$9),-$P$3,,$P$2,1)) -> 0 | Z15: =SUM(O15:Y15) -> 161.75 | AA15: =IF(COUNTIFS($AE$11:$AE$18,B15),$AA$6,NA()) -> #N/A | AB15: =IF(ISNA(AA15),"","Issue"&CHAR(10)&"#"&B15) | AC15: =IF(ISNA(AA15),0,Z15-O15) -> 0 | AE15: 200
B16: 93 | C16: =SUMIFS(INDEX(xmen[[speech]:[depicted]],,$E$2),xmen[issue],Matrix!$B16,xmen[x],Matrix!C$10,xmen[costume],C$9) -> 0 | D16: =SUMIFS(INDEX(xmen[[speech]:[depicted]],,$E$2),xmen[issue],Matrix!$B16,xmen[x],Matrix!D$10,xmen[costume],D$9) -> 0 | E16: =SUMIFS(INDEX(xmen[[speech]:[depicted]],,$E$2),xmen[issue],Matrix!$B16,xmen[x],Matrix!E$10,xmen[costume],E$9) -> 0 | F16: =SUMIFS(INDEX(xmen[[speech]:[depicted]],,$E$2),xmen[issue],Matrix!$B16,xmen[x],Matrix!F$10,xmen[costume],F$9) -> 0 | G16: =SUMIFS(INDEX(xmen[[speech]:[depicted]],,$E$2),xmen[issue],Matrix!$B16,xmen[x],Matrix!G$10,xmen[costume],G$9) -> 0 | H16: =SUMIFS(INDEX(xmen[[speech]:[depicted]],,$E$2),xmen[issue],Matrix!$B16,xmen[x],Matrix!H$10,xmen[costume],H$9) -> 0 | I16: =SUMIFS(INDEX(xmen[[speech]:[depicted]],,$E$2),xmen[issue],Matrix!$B16,xmen[x],Matrix!I$10,xmen[costume],I$9) -> 0 | J16: =SUMIFS(INDEX(xmen[[speech]:[depicted]],,$E$2),xmen[issue],Matrix!$B16,xmen[x],Matrix!J$10,xmen[costume],J$9) -> 0 | ... L16: =SUMIFS(INDEX(xmen[[speech]:[depicted]],,$E$2),xmen[issue],Matrix!$B16,xmen[x],Matrix!L$10,xmen[costume],L$9) -> 0 | M16: =$M$2-SUM(C16:L16)/2+RANDBETWEEN($M$3,$M$4) -> 175 | O16: =AVERAGE(OFFSET(INDEX($C16:$M16,O$9),-$P$3,,$P$2,1)) -> 159.375 | P16: =AVERAGE(OFFSET(INDEX($C16:$M16,P$9),-$P$3,,$P$2,1)) -> 0 | Q16: =AVERAGE(OFFSET(INDEX($C16:$M16,Q$9),-$P$3,,$P$2,1)) -> 0 | R16: =AVERAGE(OFFSET(INDEX($C16:$M16,R$9),-$P$3,,$P$2,1)) -> 0 | S16: =AVERAGE(OFFSET(INDEX($C16:$M16,S$9),-$P$3,,$P$2,1)) -> 0 | T16: =AVERAGE(OFFSET(INDEX($C16:$M16,T$9),-$P$3,,$P$2,1)) -> 0 | U16: =AVERAGE(OFFSET(INDEX($C16:$M16,U$9),-$P$3,,$P$2,1)) -> 0 | V16: =AVERAGE(OFFSET(INDEX($C16:$M16,V$9),-$P$3,,$P$2,1)) -> 0 | ... Y16: =AVERAGE(OFFSET(INDEX($C16:$M16,Y$9),-$P$3,,$P$2,1)) -> 0 | Z16: =SUM(O16:Y16) -> 159.375 | AA16: =IF(COUNTIFS($AE$11:$AE$18,B16),$AA$6,NA()) -> #N/A | AB16: =IF(ISNA(AA16),"","Issue"&CHAR(10)&"#"&B16) | AC16: =IF(ISNA(AA16),0,Z16-O16) -> 0 | AE16: 225
B17: 95 | C17: =SUMIFS(INDEX(xmen[[speech]:[depicted]],,$E$2),xmen[issue],Matrix!$B17,xmen[x],Matrix!C$10,xmen[costume],C$9) -> 0 | D17: =SUMIFS(INDEX(xmen[[speech]:[depicted]],,$E$2),xmen[issue],Matrix!$B17,xmen[x],Matrix!D$10,xmen[costume],D$9) -> 0 | E17: =SUMIFS(INDEX(xmen[[speech]:[depicted]],,$E$2),xmen[issue],Matrix!$B17,xmen[x],Matrix!E$10,xmen[costume],E$9) -> 0 | F17: =SUMIFS(INDEX(xmen[[speech]:[depicted]],,$E$2),xmen[issue],Matrix!$B17,xmen[x],Matrix!F$10,xmen[costume],F$9) -> 0 | G17: =SUMIFS(INDEX(xmen[[speech]:[depicted]],,$E$2),xmen[issue],Matrix!$B17,xmen[x],Matrix!G$10,xmen[costume],G$9) -> 0 | H17: =SUMIFS(INDEX(xmen[[speech]:[depicted]],,$E$2),xmen[issue],Matrix!$B17,xmen[x],Matrix!H$10,xmen[costume],H$9) -> 0 | I17: =SUMIFS(INDEX(xmen[[speech]:[depicted]],,$E$2),xmen[issue],Matrix!$B17,xmen[x],Matrix!I$10,xmen[costume],I$9) -> 0 | J17: =SUMIFS(INDEX(xmen[[speech]:[depicted]],,$E$2),xmen[issue],Matrix!$B17,xmen[x],Matrix!J$10,xmen[costume],J$9) -> 0 | ... L17: =SUMIFS(INDEX(xmen[[speech]:[depicted]],,$E$2),xmen[issue],Matrix!$B17,xmen[x],Matrix!L$10,xmen[costume],L$9) -> 0 | M17: =$M$2-SUM(C17:L17)/2+RANDBETWEEN($M$3,$M$4) -> 150 | O17: =AVERAGE(OFFSET(INDEX($C17:$M17,O$9),-$P$3,,$P$2,1)) -> 157.625 | P17: =AVERAGE(OFFSET(INDEX($C17:$M17,P$9),-$P$3,,$P$2,1)) -> 0 | Q17: =AVERAGE(OFFSET(INDEX($C17:$M17,Q$9),-$P$3,,$P$2,1)) -> 0 | R17: =AVERAGE(OFFSET(INDEX($C17:$M17,R$9),-$P$3,,$P$2,1)) -> 0 | S17: =AVERAGE(OFFSET(INDEX($C17:$M17,S$9),-$P$3,,$P$2,1)) -> 0 | T17: =AVERAGE(OFFSET(INDEX($C17:$M17,T$9),-$P$3,,$P$2,1)) -> 0 | U17: =AVERAGE(OFFSET(INDEX($C17:$M17,U$9),-$P$3,,$P$2,1)) -> 0 | V17: =AVERAGE(OFFSET(INDEX($C17:$M17,V$9),-$P$3,,$P$2,1)) -> 0 | ... Y17: =AVERAGE(OFFSET(INDEX($C17:$M17,Y$9),-$P$3,,$P$2,1)) -> 0 | Z17: =SUM(O17:Y17) -> 157.625 | AA17: =IF(COUNTIFS($AE$11:$AE$18,B17),$AA$6,NA()) -> #N/A | AB17: =IF(ISNA(AA17),"","Issue"&CHAR(10)&"#"&B17) | AC17: =IF(ISNA(AA17),0,Z17-O17) -> 0 | AE17: 250
B18: 97 | C18: =SUMIFS(INDEX(xmen[[speech]:[depicted]],,$E$2),xmen[issue],Matrix!$B18,xmen[x],Matrix!C$10,xmen[costume],C$9) -> 0 | D18: =SUMIFS(INDEX(xmen[[speech]:[depicted]],,$E$2),xmen[issue],Matrix!$B18,xmen[x],Matrix!D$10,xmen[costume],D$9) -> 0 | E18: =SUMIFS(INDEX(xmen[[speech]:[depicted]],,$E$2),xmen[issue],Matrix!$B18,xmen[x],Matrix!E$10,xmen[costume],E$9) -> 0 | F18: =SUMIFS(INDEX(xmen[[speech]:[depicted]],,$E$2),xmen[issue],Matrix!$B18,xmen[x],Matrix!F$10,xmen[costume],F$9) -> 0 | G18: =SUMIFS(INDEX(xmen[[speech]:[depicted]],,$E$2),xmen[issue],Matrix!$B18,xmen[x],Matrix!G$10,xmen[costume],G$9) -> 0 | H18: =SUMIFS(INDEX(xmen[[speech]:[depicted]],,$E$2),xmen[issue],Matrix!$B18,xmen[x],Matrix!H$10,xmen[costume],H$9) -> 0 | I18: =SUMIFS(INDEX(xmen[[speech]:[depicted]],,$E$2),xmen[issue],Matrix!$B18,xmen[x],Matrix!I$10,xmen[costume],I$9) -> 0 | J18: =SUMIFS(INDEX(xmen[[speech]:[depicted]],,$E$2),xmen[issue],Matrix!$B18,xmen[x],Matrix!J$10,xmen[costume],J$9) -> 0 | ... L18: =SUMIFS(INDEX(xmen[[speech]:[depicted]],,$E$2),xmen[issue],Matrix!$B18,xmen[x],Matrix!L$10,xmen[costume],L$9) -> 0 | M18: =$M$2-SUM(C18:L18)/2+RANDBETWEEN($M$3,$M$4) -> 149 | O18: =AVERAGE(OFFSET(INDEX($C18:$M18,O$9),-$P$3,,$P$2,1)) -> 154.125 | P18: =AVERAGE(OFFSET(INDEX($C18:$M18,P$9),-$P$3,,$P$2,1)) -> 0 | Q18: =AVERAGE(OFFSET(INDEX($C18:$M18,Q$9),-$P$3,,$P$2,1)) -> 0 | R18: =AVERAGE(OFFSET(INDEX($C18:$M18,R$9),-$P$3,,$P$2,1)) -> 0 | S18: =AVERAGE(OFFSET(INDEX($C18:$M18,S$9),-$P$3,,$P$2,1)) -> 0 | T18: =AVERAGE(OFFSET(INDEX($C18:$M18,T$9),-$P$3,,$P$2,1)) -> 0 | U18: =AVERAGE(OFFSET(INDEX($C18:$M18,U$9),-$P$3,,$P$2,1)) -> 0 | V18: =AVERAGE(OFFSET(INDEX($C18:$M18,V$9),-$P$3,,$P$2,1)) -> 0 | ... Y18: =AVERAGE(OFFSET(INDEX($C18:$M18,Y$9),-$P$3,,$P$2,1)) -> 0 | Z18: =SUM(O18:Y18) -> 154.125 | AA18: =IF(COUNTIFS($AE$11:$AE$18,B18),$AA$6,NA()) -> 205 | AB18: =IF(ISNA(AA18),"","Issue"&CHAR(10)&"#"&B18) -> Issue #97 | AC18: =IF(ISNA(AA18),0,Z18-O18) -> 0 | AE18: 280
B19: 98 | C19: =SUMIFS(INDEX(xmen[[speech]:[depicted]],,$E$2),xmen[issue],Matrix!$B19,xmen[x],Matrix!C$10,xmen[costume],C$9) -> 0 | D19: =SUMIFS(INDEX(xmen[[speech]:[depicted]],,$E$2),xmen[issue],Matrix!$B19,xmen[x],Matrix!D$10,xmen[costume],D$9) -> 0 | E19: =SUMIFS(INDEX(xmen[[speech]:[depicted]],,$E$2),xmen[issue],Matrix!$B19,xmen[x],Matrix!E$10,xmen[costume],E$9) -> 0 | F19: =SUMIFS(INDEX(xmen[[speech]:[depicted]],,$E$2),xmen[issue],Matrix!$B19,xmen[x],Matrix!F$10,xmen[costume],F$9) -> 0 | G19: =SUMIFS(INDEX(xmen[[speech]:[depicted]],,$E$2),xmen[issue],Matrix!$B19,xmen[x],Matrix!G$10,xmen[costume],G$9) -> 0 | H19: =SUMIFS(INDEX(xmen[[speech]:[depicted]],,$E$2),xmen[issue],Matrix!$B19,xmen[x],Matrix!H$10,xmen[costume],H$9) -> 0 | I19: =SUMIFS(INDEX(xmen[[speech]:[depicted]],,$E$2),xmen[issue],Matrix!$B19,xmen[x],Matrix!I$10,xmen[costume],I$9) -> 0 | J19: =SUMIFS(INDEX(xmen[[speech]:[depicted]],,$E$2),xmen[issue],Matrix!$B19,xmen[x],Matrix!J$10,xmen[costume],J$9) -> 0 | ... L19: =SUMIFS(INDEX(xmen[[speech]:[depicted]],,$E$2),xmen[issue],Matrix!$B19,xmen[x],Matrix!L$10,xmen[costume],L$9) -> 0 | M19: =$M$2-SUM(C19:L19)/2+RANDBETWEEN($M$3,$M$4) -> 149 | O19: =AVERAGE(OFFSET(INDEX($C19:$M19,O$9),-$P$3,,$P$2,1)) -> 156.125 | P19: =AVERAGE(OFFSET(INDEX($C19:$M19,P$9),-$P$3,,$P$2,1)) -> 0 | Q19: =AVERAGE(OFFSET(INDEX($C19:$M19,Q$9),-$P$3,,$P$2,1)) -> 0 | R19: =AVERAGE(OFFSET(INDEX($C19:$M19,R$9),-$P$3,,$P$2,1)) -> 0 | S19: =AVERAGE(OFFSET(INDEX($C19:$M19,S$9),-$P$3,,$P$2,1)) -> 0 | T19: =AVERAGE(OFFSET(INDEX($C19:$M19,T$9),-$P$3,,$P$2,1)) -> 0 | U19: =AVERAGE(OFFSET(INDEX($C19:$M19,U$9),-$P$3,,$P$2,1)) -> 0 | V19: =AVERAGE(OFFSET(INDEX($C19:$M19,V$9),-$P$3,,$P$2,1)) -> 0 | ... Y19: =AVERAGE(OFFSET(INDEX($C19:$M19,Y$9),-$P$3,,$P$2,1)) -> 0 | Z19: =SUM(O19:Y19) -> 156.125 | AA19: =IF(COUNTIFS($AE$11:$AE$18,B19),$AA$6,NA()) -> #N/A | AB19: =IF(ISNA(AA19),"","Issue"&CHAR(10)&"#"&B19) | AC19: =IF(ISNA(AA19),0,Z19-O19) -> 0
B20: 99 | C20: =SUMIFS(INDEX(xmen[[speech]:[depicted]],,$E$2),xmen[issue],Matrix!$B20,xmen[x],Matrix!C$10,xmen[costume],C$9) -> 0 | D20: =SUMIFS(INDEX(xmen[[speech]:[depicted]],,$E$2),xmen[issue],Matrix!$B20,xmen[x],Matrix!D$10,xmen[costume],D$9) -> 0 | E20: =SUMIFS(INDEX(xmen[[speech]:[depicted]],,$E$2),xmen[issue],Matrix!$B20,xmen[x],Matrix!E$10,xmen[costume],E$9) -> 0 | F20: =SUMIFS(INDEX(xmen[[speech]:[depicted]],,$E$2),xmen[issue],Matrix!$B20,xmen[x],Matrix!F$10,xmen[costume],F$9) -> 0 | G20: =SUMIFS(INDEX(xmen[[speech]:[depicted]],,$E$2),xmen[issue],Matrix!$B20,xmen[x],Matrix!G$10,xmen[costume],G$9) -> 0 | H20: =SUMIFS(INDEX(xmen[[speech]:[depicted]],,$E$2),xmen[issue],Matrix!$B20,xmen[x],Matrix!H$10,xmen[costume],H$9) -> 0 | I20: =SUMIFS(INDEX(xmen[[speech]:[depicted]],,$E$2),xmen[issue],Matrix!$B20,xmen[x],Matrix!I$10,xmen[costume],I$9) -> 0 | J20: =SUMIFS(INDEX(xmen[[speech]:[depicted]],,$E$2),xmen[issue],Matrix!$B20,xmen[x],Matrix!J$10,xmen[costume],J$9) -> 0 | ... L20: =SUMIFS(INDEX(xmen[[speech]:[depicted]],,$E$2),xmen[issue],Matrix!$B20,xmen[x],Matrix!L$10,xmen[costume],L$9) -> 0 | M20: =$M$2-SUM(C20:L20)/2+RANDBETWEEN($M$3,$M$4) -> 147 | O20: =AVERAGE(OFFSET(INDEX($C20:$M20,O$9),-$P$3,,$P$2,1)) -> 155 | P20: =AVERAGE(OFFSET(INDEX($C20:$M20,P$9),-$P$3,,$P$2,1)) -> 0 | Q20: =AVERAGE(OFFSET(INDEX($C20:$M20,Q$9),-$P$3,,$P$2,1)) -> 0 | R20: =AVERAGE(OFFSET(INDEX($C20:$M20,R$9),-$P$3,,$P$2,1)) -> 0 | S20: =AVERAGE(OFFSET(INDEX($C20:$M20,S$9),-$P$3,,$P$2,1)) -> 0 | T20: =AVERAGE(OFFSET(INDEX($C20:$M20,T$9),-$P$3,,$P$2,1)) -> 0 | U20: =AVERAGE(OFFSET(INDEX($C20:$M20,U$9),-$P$3,,$P$2,1)) -> 0 | V20: =AVERAGE(OFFSET(INDEX($C20:$M20,V$9),-$P$3,,$P$2,1)) -> 0 | ... Y20: =AVERAGE(OFFSET(INDEX($C20:$M20,Y$9),-$P$3,,$P$2,1)) -> 0 | Z20: =SUM(O20:Y20) -> 155 | AA20: =IF(COUNTIFS($AE$11:$AE$18,B20),$AA$6,NA()) -> #N/A | AB20: =IF(ISNA(AA20),"","Issue"&CHAR(10)&"#"&B20) | AC20: =IF(ISNA(AA20),0,Z20-O20) -> 0 | AE20: Options
B21: 100 | C21: =SUMIFS(INDEX(xmen[[speech]:[depicted]],,$E$2),xmen[issue],Matrix!$B21,xmen[x],Matrix!C$10,xmen[costume],C$9) -> 0 | D21: =SUMIFS(INDEX(xmen[[speech]:[depicted]],,$E$2),xmen[issue],Matrix!$B21,xmen[x],Matrix!D$10,xmen[costume],D$9) -> 0 | E21: =SUMIFS(INDEX(xmen[[speech]:[depicted]],,$E$2),xmen[issue],Matrix!$B21,xmen[x],Matrix!E$10,xmen[costume],E$9) -> 0 | F21: =SUMIFS(INDEX(xmen[[speech]:[depicted]],,$E$2),xmen[issue],Matrix!$B21,xmen[x],Matrix!F$10,xmen[costume],F$9) -> 0 | G21: =SUMIFS(INDEX(xmen[[speech]:[depicted]],,$E$2),xmen[issue],Matrix!$B21,xmen[x],Matrix!G$10,xmen[costume],G$9) -> 0 | H21: =SUMIFS(INDEX(xmen[[speech]:[depicted]],,$E$2),xmen[issue],Matrix!$B21,xmen[x],Matrix!H$10,xmen[costume],H$9) -> 0 | I21: =SUMIFS(INDEX(xmen[[speech]:[depicted]],,$E$2),xmen[issue],Matrix!$B21,xmen[x],Matrix!I$10,xmen[costume],I$9) -> 0 | J21: =SUMIFS(INDEX(xmen[[speech]:[depicted]],,$E$2),xmen[issue],Matrix!$B21,xmen[x],Matrix!J$10,xmen[costume],J$9) -> 0 | ... L21: =SUMIFS(INDEX(xmen[[speech]:[depicted]],,$E$2),xmen[issue],Matrix!$B21,xmen[x],Matrix!L$10,xmen[costume],L$9) -> 0 | M21: =$M$2-SUM(C21:L21)/2+RANDBETWEEN($M$3,$M$4) -> 145 | O21: =AVERAGE(OFFSET(INDEX($C21:$M21,O$9),-$P$3,,$P$2,1)) -> 152.875 | P21: =AVERAGE(OFFSET(INDEX($C21:$M21,P$9),-$P$3,,$P$2,1)) -> 0 | Q21: =AVERAGE(OFFSET(INDEX($C21:$M21,Q$9),-$P$3,,$P$2,1)) -> 0 | R21: =AVERAGE(OFFSET(INDEX($C21:$M21,R$9),-$P$3,,$P$2,1)) -> 0 | S21: =AVERAGE(OFFSET(INDEX($C21:$M21,S$9),-$P$3,,$P$2,1)) -> 0 | T21: =AVERAGE(OFFSET(INDEX($C21:$M21,T$9),-$P$3,,$P$2,1)) -> 0 | U21: =AVERAGE(OFFSET(INDEX($C21:$M21,U$9),-$P$3,,$P$2,1)) -> 0 | V21: =AVERAGE(OFFSET(INDEX($C21:$M21,V$9),-$P$3,,$P$2,1)) -> 0 | ... Y21: =AVERAGE(OFFSET(INDEX($C21:$M21,Y$9),-$P$3,,$P$2,1)) -> 0 | Z21: =SUM(O21:Y21) -> 152.875 | AA21: =IF(COUNTIFS($AE$11:$AE$18,B21),$AA$6,NA()) -> #N/A | AB21: =IF(ISNA(AA21),"","Issue"&CHAR(10)&"#"&B21) | AC21: =IF(ISNA(AA21),0,Z21-O21) -> 0 | AE21: speech
B22: 101 | C22: =SUMIFS(INDEX(xmen[[speech]:[depicted]],,$E$2),xmen[issue],Matrix!$B22,xmen[x],Matrix!C$10,xmen[costume],C$9) -> 0 | D22: =SUMIFS(INDEX(xmen[[speech]:[depicted]],,$E$2),xmen[issue],Matrix!$B22,xmen[x],Matrix!D$10,xmen[costume],D$9) -> 0 | E22: =SUMIFS(INDEX(xmen[[speech]:[depicted]],,$E$2),xmen[issue],Matrix!$B22,xmen[x],Matrix!E$10,xmen[costume],E$9) -> 0 | F22: =SUMIFS(INDEX(xmen[[speech]:[depicted]],,$E$2),xmen[issue],Matrix!$B22,xmen[x],Matrix!F$10,xmen[costume],F$9) -> 0 | G22: =SUMIFS(INDEX(xmen[[speech]:[depicted]],,$E$2),xmen[issue],Matrix!$B22,xmen[x],Matrix!G$10,xmen[costume],G$9) -> 0 | H22: =SUMIFS(INDEX(xmen[[speech]:[depicted]],,$E$2),xmen[issue],Matrix!$B22,xmen[x],Matrix!H$10,xmen[costume],H$9) -> 0 | I22: =SUMIFS(INDEX(xmen[[speech]:[depicted]],,$E$2),xmen[issue],Matrix!$B22,xmen[x],Matrix!I$10,xmen[costume],I$9) -> 0 | J22: =SUMIFS(INDEX(xmen[[speech]:[depicted]],,$E$2),xmen[issue],Matrix!$B22,xmen[x],Matrix!J$10,xmen[costume],J$9) -> 0 | ... L22: =SUMIFS(INDEX(xmen[[speech]:[depicted]],,$E$2),xmen[issue],Matrix!$B22,xmen[x],Matrix!L$10,xmen[costume],L$9) -> 0 | M22: =$M$2-SUM(C22:L22)/2+RANDBETWEEN($M$3,$M$4) -> 162 | O22: =AVERAGE(OFFSET(INDEX($C22:$M22,O$9),-$P$3,,$P$2,1)) -> 152.75 | P22: =AVERAGE(OFFSET(INDEX($C22:$M22,P$9),-$P$3,,$P$2,1)) -> 0 | Q22: =AVERAGE(OFFSET(INDEX($C22:$M22,Q$9),-$P$3,,$P$2,1)) -> 0 | R22: =AVERAGE(OFFSET(INDEX($C22:$M22,R$9),-$P$3,,$P$2,1)) -> 0 | S22: =AVERAGE(OFFSET(INDEX($C22:$M22,S$9),-$P$3,,$P$2,1)) -> 0 | T22: =AVERAGE(OFFSET(INDEX($C22:$M22,T$9),-$P$3,,$P$2,1)) -> 0 | U22: =AVERAGE(OFFSET(INDEX($C22:$M22,U$9),-$P$3,,$P$2,1)) -> 0 | V22: =AVERAGE(OFFSET(INDEX($C22:$M22,V$9),-$P$3,,$P$2,1)) -> 0 | ... Y22: =AVERAGE(OFFSET(INDEX($C22:$M22,Y$9),-$P$3,,$P$2,1)) -> 0 | Z22: =SUM(O22:Y22) -> 152.75 | AA22: =IF(COUNTIFS($AE$11:$AE$18,B22),$AA$6,NA()) -> #N/A | AB22: =IF(ISNA(AA22),"","Issue"&CHAR(10)&"#"&B22) | AC22: =IF(ISNA(AA22),0,Z22-O22) -> 0 | AE22: thought
B23: 102 | C23: =SUMIFS(INDEX(xmen[[speech]:[depicted]],,$E$2),xmen[issue],Matrix!$B23,xmen[x],Matrix!C$10,xmen[costume],C$9) -> 0 | D23: =SUMIFS(INDEX(xmen[[speech]:[depicted]],,$E$2),xmen[issue],Matrix!$B23,xmen[x],Matrix!D$10,xmen[costume],D$9) -> 0 | E23: =SUMIFS(INDEX(xmen[[speech]:[depicted]],,$E$2),xmen[issue],Matrix!$B23,xmen[x],Matrix!E$10,xmen[costume],E$9) -> 0 | F23: =SUMIFS(INDEX(xmen[[speech]:[depicted]],,$E$2),xmen[issue],Matrix!$B23,xmen[x],Matrix!F$10,xmen[costume],F$9) -> 0 | G23: =SUMIFS(INDEX(xmen[[speech]:[depicted]],,$E$2),xmen[issue],Matrix!$B23,xmen[x],Matrix!G$10,xmen[costume],G$9) -> 0 | H23: =SUMIFS(INDEX(xmen[[speech]:[depicted]],,$E$2),xmen[issue],Matrix!$B23,xmen[x],Matrix!H$10,xmen[costume],H$9) -> 0 | I23: =SUMIFS(INDEX(xmen[[speech]:[depicted]],,$E$2),xmen[issue],Matrix!$B23,xmen[x],Matrix!I$10,xmen[costume],I$9) -> 0 | J23: =SUMIFS(INDEX(xmen[[speech]:[depicted]],,$E$2),xmen[issue],Matrix!$B23,xmen[x],Matrix!J$10,xmen[costume],J$9) -> 0 | ... L23: =SUMIFS(INDEX(xmen[[speech]:[depicted]],,$E$2),xmen[issue],Matrix!$B23,xmen[x],Matrix!L$10,xmen[costume],L$9) -> 0 | M23: =$M$2-SUM(C23:L23)/2+RANDBETWEEN($M$3,$M$4) -> 163 | O23: =AVERAGE(OFFSET(INDEX($C23:$M23,O$9),-$P$3,,$P$2,1)) -> 152.375 | P23: =AVERAGE(OFFSET(INDEX($C23:$M23,P$9),-$P$3,,$P$2,1)) -> 0 | Q23: =AVERAGE(OFFSET(INDEX($C23:$M23,Q$9),-$P$3,,$P$2,1)) -> 0 | R23: =AVERAGE(OFFSET(INDEX($C23:$M23,R$9),-$P$3,,$P$2,1)) -> 0 | S23: =AVERAGE(OFFSET(INDEX($C23:$M23,S$9),-$P$3,,$P$2,1)) -> 0 | T23: =AVERAGE(OFFSET(INDEX($C23:$M23,T$9),-$P$3,,$P$2,1)) -> 0 | U23: =AVERAGE(OFFSET(INDEX($C23:$M23,U$9),-$P$3,,$P$2,1)) -> 0 | V23: =AVERAGE(OFFSET(INDEX($C23:$M23,V$9),-$P$3,,$P$2,1)) -> 0 | ... Y23: =AVERAGE(OFFSET(INDEX($C23:$M23,Y$9),-$P$3,,$P$2,1)) -> 0 | Z23: =SUM(O23:Y23) -> 152.375 | AA23: =IF(COUNTIFS($AE$11:$AE$18,B23),$AA$6,NA()) -> #N/A | AB23: =IF(ISNA(AA23),"","Issue"&CHAR(10)&"#"&B23) | AC23: =IF(ISNA(AA23),0,Z23-O23) -> 0 | AE23: narrative
B24: 103 | C24: =SUMIFS(INDEX(xmen[[speech]:[depicted]],,$E$2),xmen[issue],Matrix!$B24,xmen[x],Matrix!C$10,xmen[costume],C$9) -> 0 | D24: =SUMIFS(INDEX(xmen[[speech]:[depicted]],,$E$2),xmen[issue],Matrix!$B24,xmen[x],Matrix!D$10,xmen[costume],D$9) -> 0 | E24: =SUMIFS(INDEX(xmen[[speech]:[depicted]],,$E$2),xmen[issue],Matrix!$B24,xmen[x],Matrix!E$10,xmen[costume],E$9) -> 0 | F24: =SUMIFS(INDEX(xmen[[speech]:[depicted]],,$E$2),xmen[issue],Matrix!$B24,xmen[x],Matrix!F$10,xmen[costume],F$9) -> 0 | G24: =SUMIFS(INDEX(xmen[[speech]:[depicted]],,$E$2),xmen[issue],Matrix!$B24,xmen[x],Matrix!G$10,xmen[costume],G$9) -> 0 | H24: =SUMIFS(INDEX(xmen[[speech]:[depicted]],,$E$2),xmen[issue],Matrix!$B24,xmen[x],Matrix!H$10,xmen[costume],H$9) -> 0 | I24: =SUMIFS(INDEX(xmen[[speech]:[depicted]],,$E$2),xmen[issue],Matrix!$B24,xmen[x],Matrix!I$10,xmen[costume],I$9) -> 0 | J24: =SUMIFS(INDEX(xmen[[speech]:[depicted]],,$E$2),xmen[issue],Matrix!$B24,xmen[x],Matrix!J$10,xmen[costume],J$9) -> 0 | ... L24: =SUMIFS(INDEX(xmen[[speech]:[depicted]],,$E$2),xmen[issue],Matrix!$B24,xmen[x],Matrix!L$10,xmen[costume],L$9) -> 0 | M24: =$M$2-SUM(C24:L24)/2+RANDBETWEEN($M$3,$M$4) -> 158 | O24: =AVERAGE(OFFSET(INDEX($C24:$M24,O$9),-$P$3,,$P$2,1)) -> 152.25 | P24: =AVERAGE(OFFSET(INDEX($C24:$M24,P$9),-$P$3,,$P$2,1)) -> 0 | Q24: =AVERAGE(OFFSET(INDEX($C24:$M24,Q$9),-$P$3,,$P$2,1)) -> 0 | R24: =AVERAGE(OFFSET(INDEX($C24:$M24,R$9),-$P$3,,$P$2,1)) -> 0 | S24: =AVERAGE(OFFSET(INDEX($C24:$M24,S$9),-$P$3,,$P$2,1)) -> 0 | T24: =AVERAGE(OFFSET(INDEX($C24:$M24,T$9),-$P$3,,$P$2,1)) -> 0 | U24: =AVERAGE(OFFSET(INDEX($C24:$M24,U$9),-$P$3,,$P$2,1)) -> 0 | V24: =AVERAGE(OFFSET(INDEX($C24:$M24,V$9),-$P$3,,$P$2,1)) -> 0 | ... Y24: =AVERAGE(OFFSET(INDEX($C24:$M24,Y$9),-$P$3,,$P$2,1)) -> 0 | Z24: =SUM(O24:Y24) -> 152.25 | AA24: =IF(COUNTIFS($AE$11:$AE$18,B24),$AA$6,NA()) -> #N/A | AB24: =IF(ISNA(AA24),"","Issue"&CHAR(10)&"#"&B24) | AC24: =IF(ISNA(AA24),0,Z24-O24) -> 0 | AE24: depicted
B25: 104 | C25: =SUMIFS(INDEX(xmen[[speech]:[depicted]],,$E$2),xmen[issue],Matrix!$B25,xmen[x],Matrix!C$10,xmen[costume],C$9) -> 0 | D25: =SUMIFS(INDEX(xmen[[speech]:[depicted]],,$E$2),xmen[issue],Matrix!$B25,xmen[x],Matrix!D$10,xmen[costume],D$9) -> 0 | E25: =SUMIFS(INDEX(xmen[[speech]:[depicted]],,$E$2),xmen[issue],Matrix!$B25,xmen[x],Matrix!E$10,xmen[costume],E$9) -> 0 | F25: =SUMIFS(INDEX(xmen[[speech]:[depicted]],,$E$2),xmen[issue],Matrix!$B25,xmen[x],Matrix!F$10,xmen[costume],F$9) -> 0 | G25: =SUMIFS(INDEX(xmen[[speech]:[depicted]],,$E$2),xmen[issue],Matrix!$B25,xmen[x],Matrix!G$10,xmen[costume],G$9) -> 0 | H25: =SUMIFS(INDEX(xmen[[speech]:[depicted]],,$E$2),xmen[issue],Matrix!$B25,xmen[x],Matrix!H$10,xmen[costume],H$9) -> 0 | I25: =SUMIFS(INDEX(xmen[[speech]:[depicted]],,$E$2),xmen[issue],Matrix!$B25,xmen[x],Matrix!I$10,xmen[costume],I$9) -> 0 | J25: =SUMIFS(INDEX(xmen[[speech]:[depicted]],,$E$2),xmen[issue],Matrix!$B25,xmen[x],Matrix!J$10,xmen[costume],J$9) -> 0 | ... L25: =SUMIFS(INDEX(xmen[[speech]:[depicted]],,$E$2),xmen[issue],Matrix!$B25,xmen[x],Matrix!L$10,xmen[costume],L$9) -> 0 | M25: =$M$2-SUM(C25:L25)/2+RANDBETWEEN($M$3,$M$4) -> 149 | O25: =AVERAGE(OFFSET(INDEX($C25:$M25,O$9),-$P$3,,$P$2,1)) -> 153.125 | P25: =AVERAGE(OFFSET(INDEX($C25:$M25,P$9),-$P$3,,$P$2,1)) -> 0 | Q25: =AVERAGE(OFFSET(INDEX($C25:$M25,Q$9),-$P$3,,$P$2,1)) -> 0 | R25: =AVERAGE(OFFSET(INDEX($C25:$M25,R$9),-$P$3,,$P$2,1)) -> 0 | S25: =AVERAGE(OFFSET(INDEX($C25:$M25,S$9),-$P$3,,$P$2,1)) -> 0 | T25: =AVERAGE(OFFSET(INDEX($C25:$M25,T$9),-$P$3,,$P$2,1)) -> 0 | U25: =AVERAGE(OFFSET(INDEX($C25:$M25,U$9),-$P$3,,$P$2,1)) -> 0 | V25: =AVERAGE(OFFSET(INDEX($C25:$M25,V$9),-$P$3,,$P$2,1)) -> 0 | ... Y25: =AVERAGE(OFFSET(INDEX($C25:$M25,Y$9),-$P$3,,$P$2,1)) -> 0 | Z25: =SUM(O25:Y25) -> 153.125 | AA25: =IF(COUNTIFS($AE$11:$AE$18,B25),$AA$6,NA()) -> #N/A | AB25: =IF(ISNA(AA25),"","Issue"&CHAR(10)&"#"&B25) | AC25: =IF(ISNA(AA25),0,Z25-O25) -> 0
B26: 105 | C26: =SUMIFS(INDEX(xmen[[speech]:[depicted]],,$E$2),xmen[issue],Matrix!$B26,xmen[x],Matrix!C$10,xmen[costume],C$9) -> 0 | D26: =SUMIFS(INDEX(xmen[[speech]:[depicted]],,$E$2),xmen[issue],Matrix!$B26,xmen[x],Matrix!D$10,xmen[costume],D$9) -> 0 | E26: =SUMIFS(INDEX(xmen[[speech]:[depicted]],,$E$2),xmen[issue],Matrix!$B26,xmen[x],Matrix!E$10,xmen[costume],E$9) -> 0 | F26: =SUMIFS(INDEX(xmen[[speech]:[depicted]],,$E$2),xmen[issue],Matrix!$B26,xmen[x],Matrix!F$10,xmen[costume],F$9) -> 0 | G26: =SUMIFS(INDEX(xmen[[speech]:[depicted]],,$E$2),xmen[issue],Matrix!$B26,xmen[x],Matrix!G$10,xmen[costume],G$9) -> 0 | H26: =SUMIFS(INDEX(xmen[[speech]:[depicted]],,$E$2),xmen[issue],Matrix!$B26,xmen[x],Matrix!H$10,xmen[costume],H$9) -> 0 | I26: =SUMIFS(INDEX(xmen[[speech]:[depicted]],,$E$2),xmen[issue],Matrix!$B26,xmen[x],Matrix!I$10,xmen[costume],I$9) -> 0 | J26: =SUMIFS(INDEX(xmen[[speech]:[depicted]],,$E$2),xmen[issue],Matrix!$B26,xmen[x],Matrix!J$10,xmen[costume],J$9) -> 0 | ... L26: =SUMIFS(INDEX(xmen[[speech]:[depicted]],,$E$2),xmen[issue],Matrix!$B26,xmen[x],Matrix!L$10,xmen[costume],L$9) -> 0 | M26: =$M$2-SUM(C26:L26)/2+RANDBETWEEN($M$3,$M$4) -> 146 | O26: =AVERAGE(OFFSET(INDEX($C26:$M26,O$9),-$P$3,,$P$2,1)) -> 156.875 | P26: =AVERAGE(OFFSET(INDEX($C26:$M26,P$9),-$P$3,,$P$2,1)) -> 0 | Q26: =AVERAGE(OFFSET(INDEX($C26:$M26,Q$9),-$P$3,,$P$2,1)) -> 0 | R26: =AVERAGE(OFFSET(INDEX($C26:$M26,R$9),-$P$3,,$P$2,1)) -> 0 | S26: =AVERAGE(OFFSET(INDEX($C26:$M26,S$9),-$P$3,,$P$2,1)) -> 0 | T26: =AVERAGE(OFFSET(INDEX($C26:$M26,T$9),-$P$3,,$P$2,1)) -> 0 | U26: =AVERAGE(OFFSET(INDEX($C26:$M26,U$9),-$P$3,,$P$2,1)) -> 0 | V26: =AVERAGE(OFFSET(INDEX($C26:$M26,V$9),-$P$3,,$P$2,1)) -> 0 | ... Y26: =AVERAGE(OFFSET(INDEX($C26:$M26,Y$9),-$P$3,,$P$2,1)) -> 0 | Z26: =SUM(O26:Y26) -> 156.875 | AA26: =IF(COUNTIFS($AE$11:$AE$18,B26),$AA$6,NA()) -> #N/A | AB26: =IF(ISNA(AA26),"","Issue"&CHAR(10)&"#"&B26) | AC26: =IF(ISNA(AA26),0,Z26-O26) -> 0
B27: 106 | C27: =SUMIFS(INDEX(xmen[[speech]:[depicted]],,$E$2),xmen[issue],Matrix!$B27,xmen[x],Matrix!C$10,xmen[costume],C$9) -> 0 | D27: =SUMIFS(INDEX(xmen[[speech]:[depicted]],,$E$2),xmen[issue],Matrix!$B27,xmen[x],Matrix!D$10,xmen[costume],D$9) -> 0 | E27: =SUMIFS(INDEX(xmen[[speech]:[depicted]],,$E$2),xmen[issue],Matrix!$B27,xmen[x],Matrix!E$10,xmen[costume],E$9) -> 0 | F27: =SUMIFS(INDEX(xmen[[speech]:[depicted]],,$E$2),xmen[issue],Matrix!$B27,xmen[x],Matrix!F$10,xmen[costume],F$9) -> 0 | G27: =SUMIFS(INDEX(xmen[[speech]:[depicted]],,$E$2),xmen[issue],Matrix!$B27,xmen[x],Matrix!G$10,xmen[costume],G$9) -> 0 | H27: =SUMIFS(INDEX(xmen[[speech]:[depicted]],,$E$2),xmen[issue],Matrix!$B27,xmen[x],Matrix!H$10,xmen[costume],H$9) -> 0 | I27: =SUMIFS(INDEX(xmen[[speech]:[depicted]],,$E$2),xmen[issue],Matrix!$B27,xmen[x],Matrix!I$10,xmen[costume],I$9) -> 0 | J27: =SUMIFS(INDEX(xmen[[speech]:[depicted]],,$E$2),xmen[issue],Matrix!$B27,xmen[x],Matrix!J$10,xmen[costume],J$9) -> 0 | ... L27: =SUMIFS(INDEX(xmen[[speech]:[depicted]],,$E$2),xmen[issue],Matrix!$B27,xmen[x],Matrix!L$10,xmen[costume],L$9) -> 0 | M27: =$M$2-SUM(C27:L27)/2+RANDBETWEEN($M$3,$M$4) -> 148 | O27: =AVERAGE(OFFSET(INDEX($C27:$M27,O$9),-$P$3,,$P$2,1)) -> 155.875 | P27: =AVERAGE(OFFSET(INDEX($C27:$M27,P$9),-$P$3,,$P$2,1)) -> 0 | Q27: =AVERAGE(OFFSET(INDEX($C27:$M27,Q$9),-$P$3,,$P$2,1)) -> 0 | R27: =AVERAGE(OFFSET(INDEX($C27:$M27,R$9),-$P$3,,$P$2,1)) -> 0 | S27: =AVERAGE(OFFSET(INDEX($C27:$M27,S$9),-$P$3,,$P$2,1)) -> 0 | T27: =AVERAGE(OFFSET(INDEX($C27:$M27,T$9),-$P$3,,$P$2,1)) -> 0 | U27: =AVERAGE(OFFSET(INDEX($C27:$M27,U$9),-$P$3,,$P$2,1)) -> 0 | V27: =AVERAGE(OFFSET(INDEX($C27:$M27,V$9),-$P$3,,$P$2,1)) -> 0 | ... Y27: =AVERAGE(OFFSET(INDEX($C27:$M27,Y$9),-$P$3,,$P$2,1)) -> 0 | Z27: =SUM(O27:Y27) -> 155.875 | AA27: =IF(COUNTIFS($AE$11:$AE$18,B27),$AA$6,NA()) -> #N/A | AB27: =IF(ISNA(AA27),"","Issue"&CHAR(10)&"#"&B27) | AC27: =IF(ISNA(AA27),0,Z27-O27) -> 0
B28: 107 | C28: =SUMIFS(INDEX(xmen[[speech]:[depicted]],,$E$2),xmen[issue],Matrix!$B28,xmen[x],Matrix!C$10,xmen[costume],C$9) -> 0 | D28: =SUMIFS(INDEX(xmen[[speech]:[depicted]],,$E$2),xmen[issue],Matrix!$B28,xmen[x],Matrix!D$10,xmen[costume],D$9) -> 0 | E28: =SUMIFS(INDEX(xmen[[speech]:[depicted]],,$E$2),xmen[issue],Matrix!$B28,xmen[x],Matrix!E$10,xmen[costume],E$9) -> 0 | F28: =SUMIFS(INDEX(xmen[[speech]:[depicted]],,$E$2),xmen[issue],Matrix!$B28,xmen[x],Matrix!F$10,xmen[costume],F$9) -> 0 | G28: =SUMIFS(INDEX(xmen[[speech]:[depicted]],,$E$2),xmen[issue],Matrix!$B28,xmen[x],Matrix!G$10,xmen[costume],G$9) -> 0 | H28: =SUMIFS(INDEX(xmen[[speech]:[depicted]],,$E$2),xmen[issue],Matrix!$B28,xmen[x],Matrix!H$10,xmen[costume],H$9) -> 0 | I28: =SUMIFS(INDEX(xmen[[speech]:[depicted]],,$E$2),xmen[issue],Matrix!$B28,xmen[x],Matrix!I$10,xmen[costume],I$9) -> 0 | J28: =SUMIFS(INDEX(xmen[[speech]:[depicted]],,$E$2),xmen[issue],Matrix!$B28,xmen[x],Matrix!J$10,xmen[costume],J$9) -> 0 | ... L28: =SUMIFS(INDEX(xmen[[speech]:[depicted]],,$E$2),xmen[issue],Matrix!$B28,xmen[x],Matrix!L$10,xmen[costume],L$9) -> 0 | M28: =$M$2-SUM(C28:L28)/2+RANDBETWEEN($M$3,$M$4) -> 154 | O28: =AVERAGE(OFFSET(INDEX($C28:$M28,O$9),-$P$3,,$P$2,1)) -> 156 | P28: =AVERAGE(OFFSET(INDEX($C28:$M28,P$9),-$P$3,,$P$2,1)) -> 0 | Q28: =AVERAGE(OFFSET(INDEX($C28:$M28,Q$9),-$P$3,,$P$2,1)) -> 0 | R28: =AVERAGE(OFFSET(INDEX($C28:$M28,R$9),-$P$3,,$P$2,1)) -> 0 | S28: =AVERAGE(OFFSET(INDEX($C28:$M28,S$9),-$P$3,,$P$2,1)) -> 0 | T28: =AVERAGE(OFFSET(INDEX($C28:$M28,T$9),-$P$3,,$P$2,1)) -> 0 | U28: =AVERAGE(OFFSET(INDEX($C28:$M28,U$9),-$P$3,,$P$2,1)) -> 0 | V28: =AVERAGE(OFFSET(INDEX($C28:$M28,V$9),-$P$3,,$P$2,1)) -> 0 | ... Y28: =AVERAGE(OFFSET(INDEX($C28:$M28,Y$9),-$P$3,,$P$2,1)) -> 0 | Z28: =SUM(O28:Y28) -> 156 | AA28: =IF(COUNTIFS($AE$11:$AE$18,B28),$AA$6,NA()) -> #N/A | AB28: =IF(ISNA(AA28),"","Issue"&CHAR(10)&"#"&B28) | AC28: =IF(ISNA(AA28),0,Z28-O28) -> 0
B29: 108 | C29: =SUMIFS(INDEX(xmen[[speech]:[depicted]],,$E$2),xmen[issue],Matrix!$B29,xmen[x],Matrix!C$10,xmen[costume],C$9) -> 0 | D29: =SUMIFS(INDEX(xmen[[speech]:[depicted]],,$E$2),xmen[issue],Matrix!$B29,xmen[x],Matrix!D$10,xmen[costume],D$9) -> 0 | E29: =SUMIFS(INDEX(xmen[[speech]:[depicted]],,$E$2),xmen[issue],Matrix!$B29,xmen[x],Matrix!E$10,xmen[costume],E$9) -> 0 | F29: =SUMIFS(INDEX(xmen[[speech]:[depicted]],,$E$2),xmen[issue],Matrix!$B29,xmen[x],Matrix!F$10,xmen[costume],F$9) -> 0 | G29: =SUMIFS(INDEX(xmen[[speech]:[depicted]],,$E$2),xmen[issue],Matrix!$B29,xmen[x],Matrix!G$10,xmen[costume],G$9) -> 0 | H29: =SUMIFS(INDEX(xmen[[speech]:[depicted]],,$E$2),xmen[issue],Matrix!$B29,xmen[x],Matrix!H$10,xmen[costume],H$9) -> 0 | I29: =SUMIFS(INDEX(xmen[[speech]:[depicted]],,$E$2),xmen[issue],Matrix!$B29,xmen[x],Matrix!I$10,xmen[costume],I$9) -> 0 | J29: =SUMIFS(INDEX(xmen[[speech]:[depicted]],,$E$2),xmen[issue],Matrix!$B29,xmen[x],Matrix!J$10,xmen[costume],J$9) -> 0 | ... L29: =SUMIFS(INDEX(xmen[[speech]:[depicted]],,$E$2),xmen[issue],Matrix!$B29,xmen[x],Matrix!L$10,xmen[costume],L$9) -> 0 | M29: =$M$2-SUM(C29:L29)/2+RANDBETWEEN($M$3,$M$4) -> 175 | O29: =AVERAGE(OFFSET(INDEX($C29:$M29,O$9),-$P$3,,$P$2,1)) -> 156.25 | P29: =AVERAGE(OFFSET(INDEX($C29:$M29,P$9),-$P$3,,$P$2,1)) -> 0 | Q29: =AVERAGE(OFFSET(INDEX($C29:$M29,Q$9),-$P$3,,$P$2,1)) -> 0 | R29: =AVERAGE(OFFSET(INDEX($C29:$M29,R$9),-$P$3,,$P$2,1)) -> 0 | S29: =AVERAGE(OFFSET(INDEX($C29:$M29,S$9),-$P$3,,$P$2,1)) -> 0 | T29: =AVERAGE(OFFSET(INDEX($C29:$M29,T$9),-$P$3,,$P$2,1)) -> 0 | U29: =AVERAGE(OFFSET(INDEX($C29:$M29,U$9),-$P$3,,$P$2,1)) -> 0 | V29: =AVERAGE(OFFSET(INDEX($C29:$M29,V$9),-$P$3,,$P$2,1)) -> 0 | ... Y29: =AVERAGE(OFFSET(INDEX($C29:$M29,Y$9),-$P$3,,$P$2,1)) -> 0 | Z29: =SUM(O29:Y29) -> 156.25 | AA29: =IF(COUNTIFS($AE$11:$AE$18,B29),$AA$6,NA()) -> #N/A | AB29: =IF(ISNA(AA29),"","Issue"&CHAR(10)&"#"&B29) | AC29: =IF(ISNA(AA29),0,Z29-O29) -> 0
B30: 109 | C30: =SUMIFS(INDEX(xmen[[speech]:[depicted]],,$E$2),xmen[issue],Matrix!$B30,xmen[x],Matrix!C$10,xmen[costume],C$9) -> 0 | D30: =SUMIFS(INDEX(xmen[[speech]:[depicted]],,$E$2),xmen[issue],Matrix!$B30,xmen[x],Matrix!D$10,xmen[costume],D$9) -> 0 | E30: =SUMIFS(INDEX(xmen[[speech]:[depicted]],,$E$2),xmen[issue],Matrix!$B30,xmen[x],Matrix!E$10,xmen[costume],E$9) -> 0 | F30: =SUMIFS(INDEX(xmen[[speech]:[depicted]],,$E$2),xmen[issue],Matrix!$B30,xmen[x],Matrix!F$10,xmen[costume],F$9) -> 0 | G30: =SUMIFS(INDEX(xmen[[speech]:[depicted]],,$E$2),xmen[issue],Matrix!$B30,xmen[x],Matrix!G$10,xmen[costume],G$9) -> 0 | H30: =SUMIFS(INDEX(xmen[[speech]:[depicted]],,$E$2),xmen[issue],Matrix!$B30,xmen[x],Matrix!H$10,xmen[costume],H$9) -> 0 | I30: =SUMIFS(INDEX(xmen[[speech]:[depicted]],,$E$2),xmen[issue],Matrix!$B30,xmen[x],Matrix!I$10,xmen[costume],I$9) -> 0 | J30: =SUMIFS(INDEX(xmen[[speech]:[depicted]],,$E$2),xmen[issue],Matrix!$B30,xmen[x],Matrix!J$10,xmen[costume],J$9) -> 0 | ... L30: =SUMIFS(INDEX(xmen[[speech]:[depicted]],,$E$2),xmen[issue],Matrix!$B30,xmen[x],Matrix!L$10,xmen[costume],L$9) -> 0 | M30: =$M$2-SUM(C30:L30)/2+RANDBETWEEN($M$3,$M$4) -> 154 | O30: =AVERAGE(OFFSET(INDEX($C30:$M30,O$9),-$P$3,,$P$2,1)) -> 157.875 | P30: =AVERAGE(OFFSET(INDEX($C30:$M30,P$9),-$P$3,,$P$2,1)) -> 0 | Q30: =AVERAGE(OFFSET(INDEX($C30:$M30,Q$9),-$P$3,,$P$2,1)) -> 0 | R30: =AVERAGE(OFFSET(INDEX($C30:$M30,R$9),-$P$3,,$P$2,1)) -> 0 | S30: =AVERAGE(OFFSET(INDEX($C30:$M30,S$9),-$P$3,,$P$2,1)) -> 0 | T30: =AVERAGE(OFFSET(INDEX($C30:$M30,T$9),-$P$3,,$P$2,1)) -> 0 | U30: =AVERAGE(OFFSET(INDEX($C30:$M30,U$9),-$P$3,,$P$2,1)) -> 0 | V30: =AVERAGE(OFFSET(INDEX($C30:$M30,V$9),-$P$3,,$P$2,1)) -> 0 | ... Y30: =AVERAGE(OFFSET(INDEX($C30:$M30,Y$9),-$P$3,,$P$2,1)) -> 0 | Z30: =SUM(O30:Y30) -> 157.875 | AA30: =IF(COUNTIFS($AE$11:$AE$18,B30),$AA$6,NA()) -> #N/A | AB30: =IF(ISNA(AA30),"","Issue"&CHAR(10)&"#"&B30) | AC30: =IF(ISNA(AA30),0,Z30-O30) -> 0
B31: 110 | C31: =SUMIFS(INDEX(xmen[[speech]:[depicted]],,$E$2),xmen[issue],Matrix!$B31,xmen[x],Matrix!C$10,xmen[costume],C$9) -> 0 | D31: =SUMIFS(INDEX(xmen[[speech]:[depicted]],,$E$2),xmen[issue],Matrix!$B31,xmen[x],Matrix!D$10,xmen[costume],D$9) -> 0 | E31: =SUMIFS(INDEX(xmen[[speech]:[depicted]],,$E$2),xmen[issue],Matrix!$B31,xmen[x],Matrix!E$10,xmen[costume],E$9) -> 0 | F31: =SUMIFS(INDEX(xmen[[speech]:[depicted]],,$E$2),xmen[issue],Matrix!$B31,xmen[x],Matrix!F$10,xmen[costume],F$9) -> 0 | G31: =SUMIFS(INDEX(xmen[[speech]:[depicted]],,$E$2),xmen[issue],Matrix!$B31,xmen[x],Matrix!G$10,xmen[costume],G$9) -> 0 | H31: =SUMIFS(INDEX(xmen[[speech]:[depicted]],,$E$2),xmen[issue],Matrix!$B31,xmen[x],Matrix!H$10,xmen[costume],H$9) -> 0 | I31: =SUMIFS(INDEX(xmen[[speech]:[depicted]],,$E$2),xmen[issue],Matrix!$B31,xmen[x],Matrix!I$10,xmen[costume],I$9) -> 0 | J31: =SUMIFS(INDEX(xmen[[speech]:[depicted]],,$E$2),xmen[issue],Matrix!$B31,xmen[x],Matrix!J$10,xmen[costume],J$9) -> 0 | ... L31: =SUMIFS(INDEX(xmen[[speech]:[depicted]],,$E$2),xmen[issue],Matrix!$B31,xmen[x],Matrix!L$10,xmen[costume],L$9) -> 0 | M31: =$M$2-SUM(C31:L31)/2+RANDBETWEEN($M$3,$M$4) -> 164 | O31: =AVERAGE(OFFSET(INDEX($C31:$M31,O$9),-$P$3,,$P$2,1)) -> 161.25 | P31: =AVERAGE(OFFSET(INDEX($C31:$M31,P$9),-$P$3,,$P$2,1)) -> 0 | Q31: =AVERAGE(OFFSET(INDEX($C31:$M31,Q$9),-$P$3,,$P$2,1)) -> 0 | R31: =AVERAGE(OFFSET(INDEX($C31:$M31,R$9),-$P$3,,$P$2,1)) -> 0 | S31: =AVERAGE(OFFSET(INDEX($C31:$M31,S$9),-$P$3,,$P$2,1)) -> 0 | T31: =AVERAGE(OFFSET(INDEX($C31:$M31,T$9),-$P$3,,$P$2,1)) -> 0 | U31: =AVERAGE(OFFSET(INDEX($C31:$M31,U$9),-$P$3,,$P$2,1)) -> 0 | V31: =AVERAGE(OFFSET(INDEX($C31:$M31,V$9),-$P$3,,$P$2,1)) -> 0 | ... Y31: =AVERAGE(OFFSET(INDEX($C31:$M31,Y$9),-$P$3,,$P$2,1)) -> 0 | Z31: =SUM(O31:Y31) -> 161.25 | AA31: =IF(COUNTIFS($AE$11:$AE$18,B31),$AA$6,NA()) -> #N/A | AB31: =IF(ISNA(AA31),"","Issue"&CHAR(10)&"#"&B31) | AC31: =IF(ISNA(AA31),0,Z31-O31) -> 0
B32: 111 | C32: =SUMIFS(INDEX(xmen[[speech]:[depicted]],,$E$2),xmen[issue],Matrix!$B32,xmen[x],Matrix!C$10,xmen[costume],C$9) -> 0 | D32: =SUMIFS(INDEX(xmen[[speech]:[depicted]],,$E$2),xmen[issue],Matrix!$B32,xmen[x],Matrix!D$10,xmen[costume],D$9) -> 0 | E32: =SUMIFS(INDEX(xmen[[speech]:[depicted]],,$E$2),xmen[issue],Matrix!$B32,xmen[x],Matrix!E$10,xmen[costume],E$9) -> 0 | F32: =SUMIFS(INDEX(xmen[[speech]:[depicted]],,$E$2),xmen[issue],Matrix!$B32,xmen[x],Matrix!F$10,xmen[costume],F$9) -> 0 | G32: =SUMIFS(INDEX(xmen[[speech]:[depicted]],,$E$2),xmen[issue],Matrix!$B32,xmen[x],Matrix!G$10,xmen[costume],G$9) -> 0 | H32: =SUMIFS(INDEX(xmen[[speech]:[depicted]],,$E$2),xmen[issue],Matrix!$B32,xmen[x],Matrix!H$10,xmen[costume],H$9) -> 0 | I32: =SUMIFS(INDEX(xmen[[speech]:[depicted]],,$E$2),xmen[issue],Matrix!$B32,xmen[x],Matrix!I$10,xmen[costume],I$9) -> 0 | J32: =SUMIFS(INDEX(xmen[[speech]:[depicted]],,$E$2),xmen[issue],Matrix!$B32,xmen[x],Matrix!J$10,xmen[costume],J$9) -> 0 | ... L32: =SUMIFS(INDEX(xmen[[speech]:[depicted]],,$E$2),xmen[issue],Matrix!$B32,xmen[x],Matrix!L$10,xmen[costume],L$9) -> 0 | M32: =$M$2-SUM(C32:L32)/2+RANDBETWEEN($M$3,$M$4) -> 160 | O32: =AVERAGE(OFFSET(INDEX($C32:$M32,O$9),-$P$3,,$P$2,1)) -> 161.75 | P32: =AVERAGE(OFFSET(INDEX($C32:$M32,P$9),-$P$3,,$P$2,1)) -> 0 | Q32: =AVERAGE(OFFSET(INDEX($C32:$M32,Q$9),-$P$3,,$P$2,1)) -> 0 | R32: =AVERAGE(OFFSET(INDEX($C32:$M32,R$9),-$P$3,,$P$2,1)) -> 0 | S32: =AVERAGE(OFFSET(INDEX($C32:$M32,S$9),-$P$3,,$P$2,1)) -> 0 | T32: =AVERAGE(OFFSET(INDEX($C32:$M32,T$9),-$P$3,,$P$2,1)) -> 0 | U32: =AVERAGE(OFFSET(INDEX($C32:$M32,U$9),-$P$3,,$P$2,1)) -> 0 | V32: =AVERAGE(OFFSET(INDEX($C32:$M32,V$9),-$P$3,,$P$2,1)) -> 0 | ... Y32: =AVERAGE(OFFSET(INDEX($C32:$M32,Y$9),-$P$3,,$P$2,1)) -> 0 | Z32: =SUM(O32:Y32) -> 161.75 | AA32: =IF(COUNTIFS($AE$11:$AE$18,B32),$AA$6,NA()) -> #N/A | AB32: =IF(ISNA(AA32),"","Issue"&CHAR(10)&"#"&B32) | AC32: =IF(ISNA(AA32),0,Z32-O32) -> 0
B33: 112 | C33: =SUMIFS(INDEX(xmen[[speech]:[depicted]],,$E$2),xmen[issue],Matrix!$B33,xmen[x],Matrix!C$10,xmen[costume],C$9) -> 0 | D33: =SUMIFS(INDEX(xmen[[speech]:[depicted]],,$E$2),xmen[issue],Matrix!$B33,xmen[x],Matrix!D$10,xmen[costume],D$9) -> 0 | E33: =SUMIFS(INDEX(xmen[[speech]:[depicted]],,$E$2),xmen[issue],Matrix!$B33,xmen[x],Matrix!E$10,xmen[costume],E$9) -> 0 | F33: =SUMIFS(INDEX(xmen[[speech]:[depicted]],,$E$2),xmen[issue],Matrix!$B33,xmen[x],Matrix!F$10,xmen[costume],F$9) -> 0 | G33: =SUMIFS(INDEX(xmen[[speech]:[depicted]],,$E$2),xmen[issue],Matrix!$B33,xmen[x],Matrix!G$10,xmen[costume],G$9) -> 0 | H33: =SUMIFS(INDEX(xmen[[speech]:[depicted]],,$E$2),xmen[issue],Matrix!$B33,xmen[x],Matrix!H$10,xmen[costume],H$9) -> 0 | I33: =SUMIFS(INDEX(xmen[[speech]:[depicted]],,$E$2),xmen[issue],Matrix!$B33,xmen[x],Matrix!I$10,xmen[costume],I$9) -> 0 | J33: =SUMIFS(INDEX(xmen[[speech]:[depicted]],,$E$2),xmen[issue],Matrix!$B33,xmen[x],Matrix!J$10,xmen[costume],J$9) -> 0 | ... L33: =SUMIFS(INDEX(xmen[[speech]:[depicted]],,$E$2),xmen[issue],Matrix!$B33,xmen[x],Matrix!L$10,xmen[costume],L$9) -> 0 | M33: =$M$2-SUM(C33:L33)/2+RANDBETWEEN($M$3,$M$4) -> 162 | O33: =AVERAGE(OFFSET(INDEX($C33:$M33,O$9),-$P$3,,$P$2,1)) -> 164 | P33: =AVERAGE(OFFSET(INDEX($C33:$M33,P$9),-$P$3,,$P$2,1)) -> 0 | Q33: =AVERAGE(OFFSET(INDEX($C33:$M33,Q$9),-$P$3,,$P$2,1)) -> 0 | R33: =AVERAGE(OFFSET(INDEX($C33:$M33,R$9),-$P$3,,$P$2,1)) -> 0 | S33: =AVERAGE(OFFSET(INDEX($C33:$M33,S$9),-$P$3,,$P$2,1)) -> 0 | T33: =AVERAGE(OFFSET(INDEX($C33:$M33,T$9),-$P$3,,$P$2,1)) -> 0 | U33: =AVERAGE(OFFSET(INDEX($C33:$M33,U$9),-$P$3,,$P$2,1)) -> 0 | V33: =AVERAGE(OFFSET(INDEX($C33:$M33,V$9),-$P$3,,$P$2,1)) -> 0 | ... Y33: =AVERAGE(OFFSET(INDEX($C33:$M33,Y$9),-$P$3,,$P$2,1)) -> 0 | Z33: =SUM(O33:Y33) -> 164 | AA33: =IF(COUNTIFS($AE$11:$AE$18,B33),$AA$6,NA()) -> #N/A | AB33: =IF(ISNA(AA33),"","Issue"&CHAR(10)&"#"&B33) | AC33: =IF(ISNA(AA33),0,Z33-O33) -> 0
B34: 113 | C34: =SUMIFS(INDEX(xmen[[speech]:[depicted]],,$E$2),xmen[issue],Matrix!$B34,xmen[x],Matrix!C$10,xmen[costume],C$9) -> 0 | D34: =SUMIFS(INDEX(xmen[[speech]:[depicted]],,$E$2),xmen[issue],Matrix!$B34,xmen[x],Matrix!D$10,xmen[costume],D$9) -> 0 | E34: =SUMIFS(INDEX(xmen[[speech]:[depicted]],,$E$2),xmen[issue],Matrix!$B34,xmen[x],Matrix!E$10,xmen[costume],E$9) -> 0 | F34: =SUMIFS(INDEX(xmen[[speech]:[depicted]],,$E$2),xmen[issue],Matrix!$B34,xmen[x],Matrix!F$10,xmen[costume],F$9) -> 0 | G34: =SUMIFS(INDEX(xmen[[speech]:[depicted]],,$E$2),xmen[issue],Matrix!$B34,xmen[x],Matrix!G$10,xmen[costume],G$9) -> 0 | H34: =SUMIFS(INDEX(xmen[[speech]:[depicted]],,$E$2),xmen[issue],Matrix!$B34,xmen[x],Matrix!H$10,xmen[costume],H$9) -> 0 | I34: =SUMIFS(INDEX(xmen[[speech]:[depicted]],,$E$2),xmen[issue],Matrix!$B34,xmen[x],Matrix!I$10,xmen[costume],I$9) -> 0 | J34: =SUMIFS(INDEX(xmen[[speech]:[depicted]],,$E$2),xmen[issue],Matrix!$B34,xmen[x],Matrix!J$10,xmen[costume],J$9) -> 0 | ... L34: =SUMIFS(INDEX(xmen[[speech]:[depicted]],,$E$2),xmen[issue],Matrix!$B34,xmen[x],Matrix!L$10,xmen[costume],L$9) -> 0 | M34: =$M$2-SUM(C34:L34)/2+RANDBETWEEN($M$3,$M$4) -> 173 | O34: =AVERAGE(OFFSET(INDEX($C34:$M34,O$9),-$P$3,,$P$2,1)) -> 161.375 | P34: =AVERAGE(OFFSET(INDEX($C34:$M34,P$9),-$P$3,,$P$2,1)) -> 0 | Q34: =AVERAGE(OFFSET(INDEX($C34:$M34,Q$9),-$P$3,,$P$2,1)) -> 0 | R34: =AVERAGE(OFFSET(INDEX($C34:$M34,R$9),-$P$3,,$P$2,1)) -> 0 | S34: =AVERAGE(OFFSET(INDEX($C34:$M34,S$9),-$P$3,,$P$2,1)) -> 0 | T34: =AVERAGE(OFFSET(INDEX($C34:$M34,T$9),-$P$3,,$P$2,1)) -> 0 | U34: =AVERAGE(OFFSET(INDEX($C34:$M34,U$9),-$P$3,,$P$2,1)) -> 0 | V34: =AVERAGE(OFFSET(INDEX($C34:$M34,V$9),-$P$3,,$P$2,1)) -> 0 | ... Y34: =AVERAGE(OFFSET(INDEX($C34:$M34,Y$9),-$P$3,,$P$2,1)) -> 0 | Z34: =SUM(O34:Y34) -> 161.375 | AA34: =IF(COUNTIFS($AE$11:$AE$18,B34),$AA$6,NA()) -> #N/A | AB34: =IF(ISNA(AA34),"","Issue"&CHAR(10)&"#"&B34) | AC34: =IF(ISNA(AA34),0,Z34-O34) -> 0
B35: 114 | C35: =SUMIFS(INDEX(xmen[[speech]:[depicted]],,$E$2),xmen[issue],Matrix!$B35,xmen[x],Matrix!C$10,xmen[costume],C$9) -> 0 | D35: =SUMIFS(INDEX(xmen[[speech]:[depicted]],,$E$2),xmen[issue],Matrix!$B35,xmen[x],Matrix!D$10,xmen[costume],D$9) -> 0 | E35: =SUMIFS(INDEX(xmen[[speech]:[depicted]],,$E$2),xmen[issue],Matrix!$B35,xmen[x],Matrix!E$10,xmen[costume],E$9) -> 0 | F35: =SUMIFS(INDEX(xmen[[speech]:[depicted]],,$E$2),xmen[issue],Matrix!$B35,xmen[x],Matrix!F$10,xmen[costume],F$9) -> 0 | G35: =SUMIFS(INDEX(xmen[[speech]:[depicted]],,$E$2),xmen[issue],Matrix!$B35,xmen[x],Matrix!G$10,xmen[costume],G$9) -> 0 | H35: =SUMIFS(INDEX(xmen[[speech]:[depicted]],,$E$2),xmen[issue],Matrix!$B35,xmen[x],Matrix!H$10,xmen[costume],H$9) -> 0 | I35: =SUMIFS(INDEX(xmen[[speech]:[depicted]],,$E$2),xmen[issue],Matrix!$B35,xmen[x],Matrix!I$10,xmen[costume],I$9) -> 0 | J35: =SUMIFS(INDEX(xmen[[speech]:[depicted]],,$E$2),xmen[issue],Matrix!$B35,xmen[x],Matrix!J$10,xmen[costume],J$9) -> 0 | ... L35: =SUMIFS(INDEX(xmen[[speech]:[depicted]],,$E$2),xmen[issue],Matrix!$B35,xmen[x],Matrix!L$10,xmen[costume],L$9) -> 0 | M35: =$M$2-SUM(C35:L35)/2+RANDBETWEEN($M$3,$M$4) -> 152 | O35: =AVERAGE(OFFSET(INDEX($C35:$M35,O$9),-$P$3,,$P$2,1)) -> 161 | P35: =AVERAGE(OFFSET(INDEX($C35:$M35,P$9),-$P$3,,$P$2,1)) -> 0 | Q35: =AVERAGE(OFFSET(INDEX($C35:$M35,Q$9),-$P$3,,$P$2,1)) -> 0 | R35: =AVERAGE(OFFSET(INDEX($C35:$M35,R$9),-$P$3,,$P$2,1)) -> 0 | S35: =AVERAGE(OFFSET(INDEX($C35:$M35,S$9),-$P$3,,$P$2,1)) -> 0 | T35: =AVERAGE(OFFSET(INDEX($C35:$M35,T$9),-$P$3,,$P$2,1)) -> 0 | U35: =AVERAGE(OFFSET(INDEX($C35:$M35,U$9),-$P$3,,$P$2,1)) -> 0 | V35: =AVERAGE(OFFSET(INDEX($C35:$M35,V$9),-$P$3,,$P$2,1)) -> 0 | ... Y35: =AVERAGE(OFFSET(INDEX($C35:$M35,Y$9),-$P$3,,$P$2,1)) -> 0 | Z35: =SUM(O35:Y35) -> 161 | AA35: =IF(COUNTIFS($AE$11:$AE$18,B35),$AA$6,NA()) -> #N/A | AB35: =IF(ISNA(AA35),"","Issue"&CHAR(10)&"#"&B35) | AC35: =IF(ISNA(AA35),0,Z35-O35) -> 0
B36: 115 | C36: =SUMIFS(INDEX(xmen[[speech]:[depicted]],,$E$2),xmen[issue],Matrix!$B36,xmen[x],Matrix!C$10,xmen[costume],C$9) -> 0 | D36: =SUMIFS(INDEX(xmen[[speech]:[depicted]],,$E$2),xmen[issue],Matrix!$B36,xmen[x],Matrix!D$10,xmen[costume],D$9) -> 0 | E36: =SUMIFS(INDEX(xmen[[speech]:[depicted]],,$E$2),xmen[issue],Matrix!$B36,xmen[x],Matrix!E$10,xmen[costume],E$9) -> 0 | F36: =SUMIFS(INDEX(xmen[[speech]:[depicted]],,$E$2),xmen[issue],Matrix!$B36,xmen[x],Matrix!F$10,xmen[costume],F$9) -> 0 | G36: =SUMIFS(INDEX(xmen[[speech]:[depicted]],,$E$2),xmen[issue],Matrix!$B36,xmen[x],Matrix!G$10,xmen[costume],G$9) -> 0 | H36: =SUMIFS(INDEX(xmen[[speech]:[depicted]],,$E$2),xmen[issue],Matrix!$B36,xmen[x],Matrix!H$10,xmen[costume],H$9) -> 0 | I36: =SUMIFS(INDEX(xmen[[speech]:[depicted]],,$E$2),xmen[issue],Matrix!$B36,xmen[x],Matrix!I$10,xmen[costume],I$9) -> 0 | J36: =SUMIFS(INDEX(xmen[[speech]:[depicted]],,$E$2),xmen[issue],Matrix!$B36,xmen[x],Matrix!J$10,xmen[costume],J$9) -> 0 | ... L36: =SUMIFS(INDEX(xmen[[speech]:[depicted]],,$E$2),xmen[issue],Matrix!$B36,xmen[x],Matrix!L$10,xmen[costume],L$9) -> 0 | M36: =$M$2-SUM(C36:L36)/2+RANDBETWEEN($M$3,$M$4) -> 172 | O36: =AVERAGE(OFFSET(INDEX($C36:$M36,O$9),-$P$3,,$P$2,1)) -> 161.25 | P36: =AVERAGE(OFFSET(INDEX($C36:$M36,P$9),-$P$3,,$P$2,1)) -> 0 | Q36: =AVERAGE(OFFSET(INDEX($C36:$M36,Q$9),-$P$3,,$P$2,1)) -> 0 | R36: =AVERAGE(OFFSET(INDEX($C36:$M36,R$9),-$P$3,,$P$2,1)) -> 0 | S36: =AVERAGE(OFFSET(INDEX($C36:$M36,S$9),-$P$3,,$P$2,1)) -> 0 | T36: =AVERAGE(OFFSET(INDEX($C36:$M36,T$9),-$P$3,,$P$2,1)) -> 0 | U36: =AVERAGE(OFFSET(INDEX($C36:$M36,U$9),-$P$3,,$P$2,1)) -> 0 | V36: =AVERAGE(OFFSET(INDEX($C36:$M36,V$9),-$P$3,,$P$2,1)) -> 0 | ... Y36: =AVERAGE(OFFSET(INDEX($C36:$M36,Y$9),-$P$3,,$P$2,1)) -> 0 | Z36: =SUM(O36:Y36) -> 161.25 | AA36: =IF(COUNTIFS($AE$11:$AE$18,B36),$AA$6,NA()) -> #N/A | AB36: =IF(ISNA(AA36),"","Issue"&CHAR(10)&"#"&B36) | AC36: =IF(ISNA(AA36),0,Z36-O36) -> 0
... B211: 300 | C211: =SUMIFS(INDEX(xmen[[speech]:[depicted]],,$E$2),xmen[issue],Matrix!$B211,xmen[x],Matrix!C$10,xmen[costume],C$9) -> 0 | D211: =SUMIFS(INDEX(xmen[[speech]:[depicted]],,$E$2),xmen[issue],Matrix!$B211,xmen[x],Matrix!D$10,xmen[costume],D$9) -> 0 | E211: =SUMIFS(INDEX(xmen[[speech]:[depicted]],,$E$2),xmen[issue],Matrix!$B211,xmen[x],Matrix!E$10,xmen[costume],E$9) -> 0 | F211: =SUMIFS(INDEX(xmen[[speech]:[depicted]],,$E$2),xmen[issue],Matrix!$B211,xmen[x],Matrix!F$10,xmen[costume],F$9) -> 0 | G211: =SUMIFS(INDEX(xmen[[speech]:[depicted]],,$E$2),xmen[issue],Matrix!$B211,xmen[x],Matrix!G$10,xmen[costume],G$9) -> 0 | H211: =SUMIFS(INDEX(xmen[[speech]:[depicted]],,$E$2),xmen[issue],Matrix!$B211,xmen[x],Matrix!H$10,xmen[costume],H$9) -> 0 | I211: =SUMIFS(INDEX(xmen[[speech]:[depicted]],,$E$2),xmen[issue],Matrix!$B211,xmen[x],Matrix!I$10,xmen[costume],I$9) -> 0 | J211: =SUMIFS(INDEX(xmen[[speech]:[depicted]],,$E$2),xmen[issue],Matrix!$B211,xmen[x],Matrix!J$10,xmen[costume],J$9) -> 0 | ... L211: =SUMIFS(INDEX(xmen[[speech]:[depicted]],,$E$2),xmen[issue],Matrix!$B211,xmen[x],Matrix!L$10,xmen[costume],L$9) -> 0 | M211: =$M$2-SUM(C211:L211)/2+RANDBETWEEN($M$3,$M$4) -> 161 | O211: =AVERAGE(OFFSET(INDEX($C211:$M211,O$9),-$P$3,,$P$2,1)) -> 157.4 | P211: =AVERAGE(OFFSET(INDEX($C211:$M211,P$9),-$P$3,,$P$2,1)) -> 0 | Q211: =AVERAGE(OFFSET(INDEX($C211:$M211,Q$9),-$P$3,,$P$2,1)) -> 0 | R211: =AVERAGE(OFFSET(INDEX($C211:$M211,R$9),-$P$3,,$P$2,1)) -> 0 | S211: =AVERAGE(OFFSET(INDEX($C211:$M211,S$9),-$P$3,,$P$2,1)) -> 0 | T211: =AVERAGE(OFFSET(INDEX($C211:$M211,T$9),-$P$3,,$P$2,1)) -> 0 | U211: =AVERAGE(OFFSET(INDEX($C211:$M211,U$9),-$P$3,,$P$2,1)) -> 0 | V211: =AVERAGE(OFFSET(INDEX($C211:$M211,V$9),-$P$3,,$P$2,1)) -> 0 | ... Y211: =AVERAGE(OFFSET(INDEX($C211:$M211,Y$9),-$P$3,,$P$2,1)) -> 0 | Z211: =SUM(O211:Y211) -> 157.4 | AA211: =IF(COUNTIFS($AE$11:$AE$18,B211),$AA$6,NA()) -> #N/A | AB211: =IF(ISNA(AA211),"","Issue"&CHAR(10)&"#"&B211) | AC211: =IF(ISNA(AA211),0,Z211-O211) -> 0

Sheet Buttons

Sheet Tables
A1: x | B1: Appearances
A2: Storm | B2: 232
A3: Colossus | B3: 201
A4: Wolverine | B4: 201
A5: Omnipresent narration | B5: 181
A6: Editor narration | B6: 146
A7: Nightcrawler | B7: 141
A8: Cyclops | B8: 126
A9: Rogue | B9: 92
A10: Ariel/Sprite/Shadowcat | B10: 88
A11: Professor X | B11: 87
A12: Marvel Girl/Phoenix | B12: 79 | O12: Column1 | P12: X | Q12: Appearances
A13: Banshee | B13: 76 | O13: 3 | P13: Storm | Q13: 9685
A14: Havok | B14: 73 | O14: 1 | P14: Wolverine | Q14: 8061
A15: Psylocke | B15: 67 | O15: 9 | P15: Omnipresent narration | Q15: 6918
A16: Dazzler | B16: 55 | O16: 2 | P16: Cyclops | Q16: 5197
A17: Moira MacTaggert (scientist helper)* | B17: 46 | O17: 4 | P17: Colossus | Q17: 4979
A18: Magneto | B18: 39 | O18: 14 | P18: Ariel/Sprite/Shadowcat | Q18: 4207
A19: Forge | B19: 34 | O19: 20 | P19: Rogue | Q19: 4063
A20: Longshot | B20: 33 | O20: 5 | P20: Nightcrawler | Q20: 3778
A21: Phoenix(2) | B21: 33 | O21: 10 | P21: Professor X | Q21: 2667
A22: Mystique | B22: 30 | O22: 22 | P22: Psylocke | Q22: 2424
A23: Angel | B23: 29 | O23: 15 | P23: Dazzler | Q23: 2341
A24: Binary/Ms Marvel | B24: 27 | O24: 11 | P24: Marvel Girl/Phoenix | Q24: 2166
... A26: Gambit | B26: 12 | O26: 18 | P26: Phoenix(2) | Q26: 1840
B27: =SUM(chars[Appearances]) -> 2150 | O27: 21 | P27: Forge | Q27: 1655
O28: 6 | P28: Banshee | Q28: 1603
O29: 13 | P29: Magneto | Q29: 1453
O30: 24 | P30: Jubilee | Q30: 1150
O31: 17 | P31: Mystique | Q31: 808
O32: 23 | P32: Longshot | Q32: 803
O33: 19 | P33: Binary/Ms Marvel | Q33: 758
O34: 12 | P34: Moira MacTaggert (scientist helper)* | Q34: 713
O35: 25 | P35: Gambit | Q35: 519
O36: 16 | P36: Angel | Q36: 455
O37: 8 | P37: Editor narration | Q37: 404
Q38: =SUM(Table4[Appearances]) -> 70738

Sheet Data
A1: issue | B1: costume | C1: character | D1: speech | E1: thought | F1: narrative | G1: depicted | H1: x | I1: Total
A2: 97 | B2: Costume | C2: Wolverine = Logan | D2: 7 | E2: 0 | F2: 0 | G2: 10 | H2: Wolverine | I2: 17
A3: 97 | B3: Costume | C3: Cyclops = Scott Summers | D3: 24 | E3: 3 | F3: 0 | G3: 23 | H3: Cyclops | I3: 50
A4: 97 | B4: Costume | C4: Storm = Ororo Munroe | D4: 11 | E4: 0 | F4: 0 | G4: 9 | H4: Storm | I4: 20
A5: 97 | B5: Costume | C5: Colossus = Peter (Piotr) Rasputin | D5: 9 | E5: 0 | F5: 0 | G5: 17 | H5: Colossus | I5: 26
A6: 97 | B6: Costume | C6: Nightcrawler = Kurt Wagner | D6: 10 | E6: 0 | F6: 0 | G6: 17 | H6: Nightcrawler | I6: 27
A7: 97 | B7: Costume | C7: Banshee = Sean Cassidy | D7: 0 | E7: 0 | F7: 0 | G7: 5 | H7: Banshee | I7: 5 | K7: =SUM(xmen[Total]) -> 70738
A8: 97 | B8: Costume | C8: Havok = Alex Summers | D8: 22 | E8: 0 | F8: 0 | G8: 24 | H8: Havok | I8: 46
A9: 97 | B9: Non-Costume | C9: Editor narration | D9: 0 | E9: 0 | F9: 1 | G9: 0 | H9: Editor narration | I9: 1
A10: 97 | B10: Non-Costume | C10: Omnipresent narration | D10: 0 | E10: 0 | F10: 70 | G10: 0 | H10: Omnipresent narration | I10: 70
A11: 97 | B11: Non-Costume | C11: Professor X = Charles Xavier (no costume)* | D11: 17 | E11: 4 | F11: 0 | G11: 12 | H11: Professor X | I11: 33
A12: 97 | B12: Non-Costume | C12: Cyclops = Scott Summers | D12: 10 | E12: 0 | F12: 0 | G12: 7 | H12: Cyclops | I12: 17
A13: 97 | B13: Non-Costume | C13: Marvel Girl/Phoenix = Jean Grey | D13: 8 | E13: 0 | F13: 0 | G13: 13 | H13: Marvel Girl/Phoenix | I13: 21
A14: 97 | B14: Non-Costume | C14: Storm = Ororo Munroe | D14: 7 | E14: 6 | F14: 0 | G14: 11 | H14: Storm | I14: 24
A15: 97 | B15: Non-Costume | C15: Colossus = Peter (Piotr) Rasputin | D15: 3 | E15: 0 | F15: 0 | G15: 4 | H15: Colossus | I15: 7
A16: 97 | B16: Non-Costume | C16: Nightcrawler = Kurt Wagner | D16: 3 | E16: 0 | F16: 0 | G16: 5 | H16: Nightcrawler | I16: 8
A17: 97 | B17: Non-Costume | C17: Moira MacTaggert (scientist helper)* | D17: 7 | E17: 0 | F17: 0 | G17: 4 | H17: Moira MacTaggert (scientist helper)* | I17: 11
A18: 97 | B18: Non-Costume | C18: Havok = Alex Summers | D18: 8 | E18: 0 | F18: 0 | G18: 7 | H18: Havok | I18: 15
A19: 98 | B19: Costume | C19: Wolverine = Logan | D19: 11 | E19: 0 | F19: 0 | G19: 19 | H19: Wolverine | I19: 30
... A2151: 280 | B2151: Non-Costume | C2151: Professor X = Charles Xavier (no costume)* | D2151: 28 | E2151: 0 | F2151: 53 | G2151: 43 | H2151: Professor X | I2151: 124
